date,NonComm_Positions_Long_All,NonComm_Positions_Short_All,net,Open_Interest_All
2015-12-01,31228,106129,-74901,253505
2015-12-08,26400,94450,-68050,246055
2015-12-15,37301,63881,-26580,194196
2015-12-22,37677,68044,-30367,197375
2015-12-29,45008,62234,-17226,196825
2016-01-05,67471,63368,4103,220707
2016-01-12,78385,53119,25266,241366
2016-01-19,84485,46832,37653,247614
2016-01-26,92628,42602,50026,250711
2016-02-02,82108,44863,37245,237289
2016-02-09,75811,32579,43232,237081
2016-02-16,84518,36617,47901,248985
2016-02-23,92376,39642,52734,257064
2016-03-01,94070,34445,59625,261679
2016-03-08,93867,29534,64333,289879
2016-03-15,79426,33937,45489,140084
2016-03-22,82812,29466,53346,146421
2016-03-29,84870,30483,54387,148292
2016-04-05,98130,38057,60073,166831
2016-04-12,100120,33930,66190,173515
2016-04-19,105710,33840,71870,179888
2016-04-26,97470,30972,66498,168767
2016-05-03,85627,24106,61521,161529
2016-05-10,88897,29850,59047,165549
2016-05-17,86165,27246,58919,158909
2016-05-24,54792,32733,22059,159833
2016-05-31,46964,32127,14837,156499
2016-06-07,68237,25384,42853,180894
2016-06-14,77703,22013,55690,139052
2016-06-21,79398,27102,52296,144710
2016-06-28,85493,25743,59750,143117
2016-07-05,87037,23469,63568,150417
2016-07-12,85364,37819,47545,161262
2016-07-19,79864,40511,39353,158366
2016-07-26,74074,39116,34958,159869
2016-08-02,76575,34875,41700,156696
2016-08-09,86719,37888,48831,167011
2016-08-16,88273,32267,56006,165905
2016-08-23,90387,30071,60316,164756
2016-08-30,91570,27909,63661,164329
2016-09-06,83968,29479,54489,159342
2016-09-13,86140,29294,56846,167340
2016-09-20,85117,26332,58785,140738
2016-09-27,97432,28540,68892,155170
2016-10-04,101986,33291,68695,157574
2016-10-11,79279,33370,45909,150394
2016-10-18,74966,37975,36991,156607
2016-10-25,82385,37790,44595,163040
2016-11-01,81010,37850,43160,165124
2016-11-08,72619,40663,31956,164328
2016-11-15,67085,46409,20676,170967
2016-11-22,71183,60283,10900,187684
2016-11-29,72124,72393,-269,202171
2016-12-06,74367,108304,-33937,235915
2016-12-13,62432,125861,-63429,285274
2016-12-20,64200,139649,-75449,220435
2016-12-27,40565,127574,-87009,219343
2017-01-03,37962,124726,-86764,220120
2017-01-10,26041,105880,-79839,209488
2017-01-17,28560,106390,-77830,211752
2017-01-24,27127,93967,-66840,196765
2017-01-31,32216,90547,-58331,204494
2017-02-07,25874,80934,-55060,201632
2017-02-14,27701,78985,-51284,204277
2017-02-21,29954,80116,-50162,205223
2017-02-28,29012,79029,-50017,204602
2017-03-07,39203,93903,-54700,217982
2017-03-14,35563,106860,-71297,202647
2017-03-21,35039,102026,-66987,191626
2017-03-28,42886,96067,-53181,197542
2017-04-04,41313,87113,-45800,194368
2017-04-11,43316,78080,-34764,198381
2017-04-18,45761,76224,-30463,203617
2017-04-25,48538,75407,-26869,204179
2017-05-02,37519,68002,-30483,196845
2017-05-09,42635,78942,-36307,203140
2017-05-16,41963,101971,-60008,222510
2017-05-23,41920,93576,-51656,211298
2017-05-30,43404,95679,-52275,213727
2017-06-06,39736,94763,-55027,225549
2017-06-13,34160,84713,-50553,210617
2017-06-20,39498,89457,-49959,171840
2017-06-27,38254,99604,-61350,183705
2017-07-03,43648,118684,-75036,207597
2017-07-11,40778,152903,-112125,239786
2017-07-18,37419,164338,-126919,250071
2017-07-25,28018,149507,-121489,235140
2017-08-01,36445,148641,-112196,242876
2017-08-08,39810,135623,-95813,232827
2017-08-15,43308,120800,-77492,215090
2017-08-22,45162,119248,-74086,215457
2017-08-29,43889,112413,-68524,209890
2017-09-05,47285,120230,-72945,213200
2017-09-12,40642,97939,-57297,200444
2017-09-19,42435,93757,-51322,185352
2017-09-26,42963,114310,-71347,207097
2017-10-03,58770,143413,-84643,246889
2017-10-10,51655,153074,-101419,254124
2017-10-17,55010,156296,-101286,257087
2017-10-24,60077,176934,-116857,282230
2017-10-31,54585,173454,-118869,277706
2017-11-07,54336,182184,-127848,287936
2017-11-14,49347,185346,-135999,283628
2017-11-21,44382,166984,-122602,261019
2017-11-28,39793,150433,-110640,244536
2017-12-05,34766,149033,-114267,238077
2017-12-12,31747,145870,-114123,250581
2017-12-19,36874,151247,-114373,223424
2017-12-26,44269,160355,-116086,232428
2018-01-02,39592,161358,-121766,230564
2018-01-09,37376,162912,-125536,233144
2018-01-16,38152,157502,-119350,236305
2018-01-23,37260,160130,-122870,241136
2018-01-30,47828,162524,-114696,260237
2018-02-06,39108,151984,-112876,249478
2018-02-13,42299,157808,-115509,260170
2018-02-20,45634,153972,-108338,271271
2018-02-27,44539,141190,-96651,263066
2018-03-06,50057,136902,-86845,277327
2018-03-13,44296,123835,-79539,279671
2018-03-20,47902,69901,-21999,160250
2018-03-27,56544,60212,-3668,162038
2018-04-03,48053,44481,3572,148818
2018-04-10,49855,47094,2761,151202
2018-04-17,49433,46842,2591,147319
2018-04-24,59253,58670,583,155237
2018-05-01,57349,58754,-1405,160337
2018-05-08,51812,57274,-5462,157576
2018-05-15,64926,61246,3680,163411
2018-05-22,73836,76603,-2767,175316
2018-05-29,63182,71218,-8036,171339
2018-06-05,52060,55497,-3437,146448
2018-06-12,60609,55557,5052,166877
2018-06-19,46565,82127,-35562,154641
2018-06-26,44430,78651,-34221,153566
2018-07-03,49990,88720,-38730,168360
2018-07-10,60563,100395,-39832,182066
2018-07-17,77021,135671,-58650,215413
2018-07-24,49993,123762,-73769,200427
2018-07-31,48016,116473,-68457,197566
2018-08-07,46136,108943,-62807,187902
2018-08-14,49369,107737,-58368,185834
2018-08-21,54116,101522,-47406,189698
2018-08-28,50230,96271,-46041,185082
2018-09-04,47572,99504,-51932,185347
2018-09-11,48057,101943,-53886,193428
2018-09-18,49752,113507,-63755,200221
2018-09-25,47253,131972,-84719,215376
2018-10-02,56074,170120,-114046,252277
2018-10-09,47034,162235,-115201,253374
2018-10-16,30096,130717,-100621,211210
2018-10-23,29922,122726,-92804,205643
2018-10-30,28854,120474,-91620,203113
2018-11-06,33060,122182,-89122,209453
2018-11-13,40192,142486,-102294,231730
2018-11-20,33462,133527,-100065,223144
2018-11-27,35817,140141,-104324,231711
2018-12-04,32717,142483,-109766,226835
2018-12-11,25495,123101,-97606,213055
2018-12-18,26957,129728,-102771,214868
2018-12-24,33281,132370,-99089,224458
2018-12-31,32712,121335,-88623,216224
2019-01-08,42727,104041,-61314,230524
2019-01-15,38686,85107,-46421,229295
2019-01-22,28403,68070,-39667,212563
2019-01-29,27001,60346,-33345,204816
2019-02-05,20752,52162,-31410,192789
2019-02-12,24541,55283,-30742,185725
2019-02-19,24844,62305,-37461,184023
2019-02-26,27365,67019,-39654,186158
2019-03-05,33421,84727,-51306,207083
2019-03-12,22144,80925,-58781,196766
2019-03-19,20081,79302,-59221,158074
2019-03-26,18323,80444,-62121,157145
2019-04-02,20462,83203,-62741,156838
2019-04-09,19914,91434,-71520,165736
2019-04-16,31807,118913,-87106,200018
2019-04-23,28121,122535,-94414,207316
2019-04-30,20578,120177,-99599,203323
2019-05-07,25869,117586,-91717,201462
2019-05-14,35915,97495,-61580,180573
2019-05-21,27540,82732,-55192,170834
2019-05-28,25803,81380,-55577,169790
2019-06-04,27437,71826,-44389,167810
2019-06-11,20786,65951,-45165,169387
2019-06-18,28169,44734,-16565,123629
2019-06-25,31090,41237,-10147,139439
2019-07-02,34198,35425,-1227,139355
2019-07-09,35346,38997,-3651,135737
2019-07-16,32905,44285,-11380,130304
2019-07-23,34642,44019,-9377,136245
2019-07-30,37028,41246,-4218,138842
2019-08-06,46225,35664,10561,153338
2019-08-13,51764,27022,24742,160271
2019-08-20,49984,18830,31154,154662
2019-08-27,59795,26188,33607,157862
2019-09-03,57222,29540,27682,157788
2019-09-10,56579,23988,32591,151397
2019-09-17,50842,26980,23862,130940
2019-09-24,45759,32976,12783,142026
2019-10-01,57893,43976,13917,151860
2019-10-08,52803,41791,11012,150019
2019-10-15,46416,53057,-6641,157707
2019-10-22,41556,59721,-18165,159250
2019-10-29,39185,58883,-19698,163486
2019-11-05,43996,70601,-26605,177106
2019-11-12,43964,78961,-34997,183480
2019-11-19,45423,80454,-35031,182445
2019-11-26,49278,88869,-39591,196894
2019-12-03,48312,96135,-47823,214223
2019-12-10,41843,85525,-43682,198700
2019-12-17,43418,85480,-42062,178529
2019-12-24,40592,74134,-33542,173142
2019-12-31,43668,68970,-25302,174966
2020-01-07,47846,60094,-12248,162094
2020-01-14,49720,81150,-31430,183863
2020-01-21,50596,95297,-44701,203579
2020-01-28,45676,81701,-36025,184919
2020-02-04,57672,79570,-21898,190079
2020-02-11,54805,80993,-26188,193822
2020-02-18,58605,85826,-27221,203631
2020-02-25,53855,110244,-56389,223904
2020-03-03,50598,92922,-42324,198404
2020-03-10,61732,53575,8157,159128
2020-03-17,57286,24351,32935,125769
2020-03-24,56528,32665,23863,125594
2020-03-31,48444,30162,18282,120270
2020-04-07,49249,26839,22410,118595
2020-04-14,49863,27220,22643,122929
2020-04-21,53730,27704,26026,128272
2020-04-28,59962,27636,32326,143835
2020-05-05,56634,29420,27214,152042
2020-05-12,56307,28370,27937,153370
2020-05-19,52038,24568,27470,147975
2020-05-26,57873,23266,34607,156827
2020-06-02,61958,29379,32579,158743
2020-06-09,48862,31400,17462,155159
2020-06-16,43126,21016,22110,127287
2020-06-23,50490,23032,27458,144549
2020-06-30,42755,18894,23861,137362
2020-07-07,44043,27231,16812,138313
2020-07-14,45111,26785,18326,135263
2020-07-21,50854,31547,19307,142686
2020-07-28,62924,34417,28507,170269
2020-08-04,52073,20644,31429,157968
2020-08-11,48158,21142,27016,150149
2020-08-18,41717,21133,20584,147076
2020-08-25,44978,21362,23616,147553
2020-09-01,46654,17050,29604,145922
2020-09-08,44850,23108,21742,151546
2020-09-15,50360,27471,22889,148912
2020-09-22,59033,29452,29581,169251
2020-09-29,47535,22746,24789,158298
2020-10-06,45779,24677,21102,163024
2020-10-13,47245,27269,19976,165616
2020-10-20,46524,32341,14183,166091
2020-10-27,46131,28238,17893,177622
2020-11-03,51012,22914,28098,184751
2020-11-10,55644,13750,41894,183518
2020-11-17,40313,10646,29667,165073
2020-11-24,54472,14230,40242,179503
2020-12-01,62449,14946,47503,185873
2020-12-08,63585,15419,48166,193326
2020-12-15,65376,21413,43963,193317
2020-12-21,66970,20877,46093,196845
2020-12-29,63577,16227,47350,194454
2021-01-05,69163,18973,50190,206963
2021-01-12,63857,13337,50520,190811
2021-01-19,64143,14129,50014,191540
2021-01-26,63463,18471,44992,193822
2021-02-02,69602,24973,44629,190948
2021-02-09,60719,26101,34618,183901
2021-02-16,66732,29550,37182,188119
2021-02-23,66670,38048,28622,183247
2021-03-02,61259,41989,19270,189270
2021-03-09,64027,57513,6514,211347
2021-03-16,26003,65371,-39368,145951
2021-03-23,27524,81049,-53525,160581
2021-03-30,24724,84205,-59481,166091
2021-04-06,26794,84783,-57989,164310
2021-04-13,27682,85994,-58312,165431
2021-04-20,26617,86436,-59819,162649
2021-04-27,29673,78182,-48509,154894
2021-05-04,31208,72700,-41492,152676
2021-05-11,30491,72219,-41728,152404
2021-05-18,24965,75913,-50948,154727
2021-05-25,24163,74319,-50156,153196
2021-06-01,29462,76577,-47115,162091
2021-06-08,27248,64562,-37314,161592
2021-06-15,22974,69824,-46850,155359
2021-06-22,34118,87980,-53862,190545
2021-06-29,27380,97275,-69895,195698
2021-07-06,31625,100761,-69136,205341
2021-07-13,40440,96690,-56250,203727
2021-07-20,35474,91205,-55731,192301
2021-07-27,32975,92909,-59934,196102
2021-08-03,30409,85599,-55190,189242
2021-08-10,36684,97341,-60657,206131
2021-08-17,27532,90740,-63208,196495
2021-08-24,26763,93434,-66671,194477
2021-08-31,29030,92160,-63130,193999
2021-09-07,29704,92029,-62325,204435
2021-09-14,21728,82023,-60295,192088
2021-09-21,22844,78915,-56071,191213
2021-09-28,35328,100088,-64760,219638
2021-10-05,31569,95263,-63694,226379
2021-10-12,35810,112444,-76634,243617
2021-10-19,35713,138447,-102734,266750
2021-10-26,31487,138523,-107036,265254
2021-11-02,20337,127961,-107624,251058
2021-11-09,16440,121791,-105351,243087
2021-11-16,24635,117761,-93126,252897
2021-11-23,20285,117538,-97253,251801
2021-11-30,14585,93451,-78866,216692
2021-12-07,13148,76229,-63081,205970
2021-12-14,20231,73754,-53523,176584
2021-12-21,22191,74477,-52286,183743
2021-12-28,32475,85577,-53102,203814
2022-01-04,40816,103078,-62262,234068
2022-01-11,22364,109889,-87525,234005
2022-01-18,8002,88881,-80879,201820
2022-01-25,15866,84139,-68273,197830
2022-02-01,14510,75150,-60640,194435
2022-02-08,15692,74840,-59148,196478
2022-02-15,10425,76587,-66162,199425
2022-02-22,10976,74163,-63187,194169
2022-03-01,14665,83397,-68732,208629
2022-03-08,15548,71404,-55856,208683
2022-03-15,34016,96356,-62340,215484
2022-03-22,36676,115158,-78482,248221
2022-03-29,15274,117405,-102131,239698
2022-04-05,14583,118412,-103829,242217
2022-04-12,9925,121752,-111827,245403
2022-04-19,12723,119910,-107187,251291
2022-04-26,14269,109804,-95535,237995
2022-05-03,18585,119379,-100794,254813
2022-05-10,11196,121650,-110454,247278
2022-05-17,12113,114422,-102309,241308
2022-05-24,16567,116011,-99444,237256
2022-05-31,15201,109640,-94439,239080
2022-06-07,18466,110112,-91646,266054
2022-06-14,32441,102196,-69755,232513
2022-06-21,35864,94318,-58454,218076
2022-06-28,36462,89032,-52570,213767
2022-07-05,38660,93105,-54445,217672
2022-07-12,35533,95531,-59998,223539
2022-07-19,42880,102105,-59225,229449
2022-07-26,43812,105293,-61481,229219
2022-08-02,50433,93186,-42753,236737
2022-08-09,52333,77365,-25032,225834
2022-08-16,51308,80199,-28891,228697
2022-08-23,56734,95541,-38807,242132
2022-08-30,54513,96044,-41531,247030
2022-09-06,56002,114191,-58189,281266
2022-09-13,39323,120015,-80692,281716
2022-09-20,34767,116047,-81280,250892
2022-09-27,22706,105262,-82556,244655
2022-10-04,26962,108585,-81623,243289
2022-10-11,30149,107542,-77393,245007
2022-10-18,30583,124919,-94336,264265
2022-10-25,37579,140197,-102618,272597
2022-11-01,40460,118080,-77620,258906
2022-11-08,37201,112459,-75258,251378
2022-11-15,33797,99639,-65842,233346
2022-11-22,30800,95650,-64850,227435
2022-11-29,28125,95519,-67394,228328
2022-12-06,23589,89585,-65996,223424
2022-12-13,22290,75478,-53188,226964
2022-12-20,33686,74567,-40881,182034
2022-12-27,29685,67415,-37730,173136
2023-01-03,25377,72241,-46864,172590
2023-01-10,26395,61772,-35377,175745
2023-01-17,29458,52419,-22961,176862
2023-01-24,27620,49255,-21635,173321
2023-01-31,22550,42610,-20060,168540
2023-02-07,16556,45645,-29089,164069
2023-02-14,23079,50922,-27843,174955
2023-02-21,32486,66515,-34029,186100
2023-02-28,27703,86381,-58678,200047
2023-03-07,17141,92444,-75303,211297
2023-03-14,11048,85842,-74794,179782
2023-03-21,7255,73600,-66345,169188
2023-03-28,9717,63692,-53975,169473
2023-04-04,11523,68559,-57036,178828
2023-04-11,11933,69140,-57207,176822
2023-04-18,15661,72530,-56869,177507
2023-04-25,13680,82424,-68744,184041
2023-05-02,28088,96412,-68324,202996
2023-05-09,22229,83244,-61015,192574
2023-05-16,29494,94285,-64791,200515
2023-05-23,36760,117420,-80660,226400
2023-05-30,40736,136929,-96193,243237
2023-06-06,34151,138968,-104817,245332
2023-06-13,37088,141064,-103976,252566
2023-06-20,32244,139900,-107656,238556
2023-06-27,38018,150888,-112870,251524
2023-07-03,41713,159633,-117920,265066
2023-07-11,29838,147020,-117182,252349
2023-07-18,29776,120015,-90239,230932
2023-07-25,30358,108110,-77752,223760
2023-08-01,26849,106065,-79216,229015
2023-08-08,23135,106315,-83180,229849
2023-08-15,34789,115750,-80961,247954
2023-08-22,28680,124003,-95323,246923
2023-08-29,24790,123263,-98473,245452
2023-09-05,37014,134150,-97136,268344
2023-09-12,38247,136960,-98713,270854
2023-09-19,45737,147356,-101619,265860
2023-09-26,46169,155681,-109512,285974
2023-10-03,47544,161532,-113988,282682
2023-10-10,36780,136256,-99476,259937
2023-10-17,33139,135797,-102658,267521
2023-10-24,30964,130593,-99629,260909
2023-10-31,37641,141489,-103848,277272
2023-11-07,27238,131278,-104040,259698
2023-11-14,27772,158021,-130249,273763
2023-11-21,39236,144690,-105454,264903
2023-11-28,30461,139698,-109237,260781
2023-12-05,28266,133222,-104956,267482
2023-12-12,28226,109357,-81131,257581
2023-12-19,31734,96636,-64902,185940
2023-12-26,37321,92889,-55568,188540
2024-01-02,33585,90780,-57195,184042
2024-01-09,41364,97313,-55949,200299
2024-01-16,44180,100740,-56560,213309
2024-01-23,52585,123230,-70645,243032
2024-01-30,44918,125373,-80455,242029
2024-02-06,55646,139876,-84230,259542
2024-02-13,58554,170090,-111536,304592
2024-02-20,53862,174640,-120778,305438
2024-02-27,51261,183966,-132705,309633
2024-03-05,54671,173514,-118843,314586
2024-03-12,54923,157245,-102322,325675
2024-03-19,66274,182286,-116012,302500
2024-03-26,59969,189075,-129106,305701
2024-04-02,55190,198420,-143230,316809
2024-04-09,47275,209426,-162151,324479
2024-04-16,49463,215082,-165619,331110
2024-04-23,42426,222345,-179919,336167
2024-04-30,40435,208823,-168388,334848
2024-05-07,34990,169912,-134922,299859
2024-05-14,35303,161485,-126182,297606
2024-05-21,29614,173981,-144367,301315
2024-05-28,28565,184604,-156039,325231
2024-06-04,40427,172528,-132101,303009
2024-06-11,30763,169342,-138579,319274
2024-06-18,29429,177182,-147753,297117
2024-06-25,34576,208476,-173900,340237
2024-07-02,36714,220937,-184223,349817
2024-07-09,41521,223554,-182033,348954
2024-07-16,47356,198428,-151072,307205
2024-07-23,64390,171498,-107108,307183
2024-07-30,65016,138476,-73460,303151
2024-08-06,66169,77523,-11354,298937
2024-08-13,87101,63997,23104,315338
2024-08-20,88761,65176,23585,316197
2024-08-27,84305,58437,25868,318259
2024-09-03,91791,50675,41116,326795
2024-09-10,98894,43124,55770,376514
2024-09-17,97332,40492,56840,199463
2024-09-24,104690,38679,66011,207702
2024-10-01,95513,38741,56772,196200
2024-10-08,83679,47151,36528,196685
2024-10-15,86685,52575,34110,197871
2024-10-22,79364,66593,12771,207338
2024-10-29,64925,89742,-24817,225894
2024-11-05,60334,104501,-44167,235762
2024-11-12,64038,128940,-64902,257688
2024-11-19,78973,125841,-46868,254087
2024-11-26,87597,110230,-22633,253566
2024-12-03,93622,91288,2334,256849
2024-12-10,97938,72186,25752,274834
2024-12-17,87208,81247,5961,181673
2024-12-24,95958,93647,2311,200720
2024-12-31,96119,104562,-8443,206971
2025-01-07,91206,111395,-20189,212456
2025-01-14,91434,120845,-29411,223952
2025-01-21,94157,108830,-14673,211620
2025-01-28,96809,97768,-959,216788
2025-02-04,104684,85916,18768,231911
2025-02-11,144158,89543,54615,273314
2025-02-18,147566,86997,60569,281163
2025-02-25,171751,75771,95980,329186
2025-03-04,183955,50304,133651,354415
2025-03-11,176790,42888,133902,446178
2025-03-18,164752,41788,122964,296567
2025-03-25,160474,35098,125376,303778
2025-04-01,161566,39792,121774,311162
2025-04-08,176555,29488,147067,320758
2025-04-15,198560,26705,171855,338849
2025-04-22,202373,24559,177814,351226
2025-04-29,202797,23585,179212,366246
2025-05-06,204008,27149,176859,375546
2025-05-13,194226,21958,172268,359521
2025-05-20,194510,27180,167330,366865
2025-05-27,191802,27790,164012,377011
2025-06-03,189514,38365,151149,366008
2025-06-10,184195,39600,144595,388263
2025-06-17,175601,44724,130877,317523
2025-06-24,178403,46126,132277,314767
2025-07-01,170624,43286,127338,314251
2025-07-08,166192,50037,116155,308621
2025-07-15,165444,61862,103582,321350
2025-07-22,164411,57766,106645,313040
2025-07-29,162122,72879,89243,329115
2025-08-05,160258,78252,82006,337378
2025-08-12,164693,90459,74234,351163
2025-08-19,168363,90782,77581,348982
2025-08-26,170765,86281,84484,357366
2025-09-02,174774,101516,73258,414249
2025-09-09,180724,89081,91643,410799
2025-09-16,161673,100262,61411,299620
2025-09-23,176400,96900,79500,309893
2025-09-30,167811,106346,61465,305711
2025-10-07,159197,112890,46307,305134
2025-10-14,160639,123473,37166,305003
2025-10-21,175724,105310,70414,307569
2025-10-28,178745,110630,68115,321889
2025-11-04,170180,118915,51265,314190
2025-11-10,172349,123873,48476,312845
2025-11-18,169890,138733,31157,329456
2025-11-25,169218,142701,26517,344420
2025-12-02,184958,148540,36418,394859
2025-12-09,184488,167040,17448,465416
2025-12-16,146275,149217,-2942,379679
2025-12-23,141133,139910,1223,285084
2025-12-30,144596,130528,14068,286132
2026-01-06,140441,131626,8815,287715
2026-01-13,111743,156907,-45164,294242
2026-01-20,107139,151968,-44829,292607
2026-01-27,104460,138393,-33933,300726
2026-02-03,114428,133650,-19222,303673
2026-02-10,128090,147196,-19106,334948
2026-02-17,143172,130217,12955,354328
2026-02-24,149364,137825,11539,369721
2026-03-03,134945,151520,-16575,416977
2026-03-10,119411,160798,-41387,427718
2026-03-17,106819,174599,-67780,326688
2026-03-24,98271,161077,-62806,328210
2026-03-31,95356,168228,-72872,345276
2026-04-07,91560,185302,-93742,349373
2026-04-14,102114,185322,-83208,354344
2026-04-21,101386,195846,-94460,351782
2026-04-28,106530,208589,-102059,372780
2026-05-05,109035,170773,-61738,354005
2026-05-12,100155,175257,-75102,362042
2026-05-19,106603,200508,-93905,396573
2026-05-26,112993,227660,-114667,427294
