ym,days,close_eom,ret_m_pct,rv20_max,rv20_mean,max_abs_ret_pct,max_range_pct,sig3_days,vol_spot_mean,vol_band
2016-01,19,120.63,1.3772597817532648,,,1.5370781275843939,2.578131476415485,0,11400.105263157895,
2016-02,20,112.99,-7.0307757301984175,17.069425011314248,14.930055939901607,2.3959571208141344,1.4135807822391897,0,10804.2,無秩序
2016-03,22,112.43,-0.47029679832636395,15.456237114287601,11.475783129282341,1.6769835349845812,1.1453113815318423,0,8412.227272727272,無秩序
2016-04,20,108.4,-3.516766248813583,14.21760006701388,11.664453762635885,2.5592216825204703,3.533210332103319,1,9299.6,警戒
2016-05,19,111.14,4.358509094423106,16.227616815737555,14.668662459662572,1.8622512098001798,0.9158660321450983,0,8299.157894736842,無秩序
2016-06,22,102.7,-6.921355469710017,13.099622421149176,11.494567343246203,2.1980998224230444,7.372914241365924,0,9371.318181818182,警戒
2016-07,20,103.63,1.0476378677736349,14.319817147623201,11.991880102191777,2.0723175058828867,2.9335134613528964,0,9689.95,警戒
2016-08,22,103.28,0.8557033932979605,15.283029645555887,13.394654509338483,1.8448705552333065,1.1901249139372416,0,7490.681818181818,無秩序
2016-09,20,100.9,-2.6117785241224065,12.39610792615723,11.547086433972115,1.7666752007898037,1.7580043213514105,0,8286.5,警戒
2016-10,20,104.92,3.4125063841590046,11.5576527198995,8.512845694006394,0.9813621448324671,1.0301338211225504,0,7919.4,
2016-11,20,112.73,7.160682079787435,15.806614850919933,11.840775969600413,2.201256456989296,4.141668279465842,2,11889.0,無秩序
2016-12,21,117.11,2.5425098365810177,15.847423051648446,13.358999903539743,2.2783945625221023,0.9481169344219106,1,8716.142857142857,無秩序
2017-01,19,113.53,-3.853275593538551,14.419651643674841,12.881637007901034,1.7440811410287103,1.59551530832256,0,10849.105263157895,警戒
2017-02,20,112.31,-1.1156481928610125,12.917293774524158,10.39877039544282,1.3174955150258765,0.8629039358985559,0,8061.05,警戒
2017-03,22,111.8,-1.5003166592048736,10.365867552562921,8.864655942817349,1.2898875809376804,0.8018327605956441,0,9861.681818181818,
2017-04,20,111.29,-0.12571840736288134,9.895446724925566,8.881894527145107,0.8562081957925939,0.7775065545610699,0,7087.1,
2017-05,20,110.96,-0.7899502478924063,9.11042829382854,8.150899912804798,1.3699457657747416,0.7381058248110256,0,8150.55,
2017-06,22,112.06,0.9414154792582745,8.945187171243786,8.547424040485394,1.513326873496439,0.8483079449055977,0,8125.818181818182,
2017-07,20,110.63,-1.942503901713901,8.277800283711205,7.259324976171281,0.931146709119177,0.6608511763150938,0,8542.15,
2017-08,22,110.49,0.2537382421633121,9.095385926113373,7.6458511639562765,1.3819832815195614,0.7794090991480872,0,8144.818181818182,
2017-09,20,112.46,2.048221081948501,10.767948125728207,9.886601638143606,1.1534153245286518,1.1019781410893315,0,8962.35,
2017-10,21,113.09,0.08846426620809027,9.700797174169203,7.107409886085791,0.5751973736685252,0.7235506926674253,0,7303.238095238095,
2017-11,20,112.29,-1.4236059868689133,6.500857248477023,5.718431670592353,0.7419028443057014,0.6573103570794057,0,7896.95,
2017-12,21,112.65,0.01775568186483519,7.1311095025955975,6.617729685862641,0.8140917450156856,0.5619480867005705,0,7023.952380952381,
2018-01,19,108.7,-3.5072285908716716,6.4208158048706165,5.826353203058047,0.9233341600710299,0.9112024298731428,0,9705.368421052632,
2018-02,19,107.08,-2.3169910823149156,9.403994371063447,8.07247757008201,1.2908163738029061,1.0300668151447656,1,10504.526315789473,
2018-03,21,106.19,-0.5821612685849923,9.368139333308653,8.405503224071522,1.046932458011333,0.7216494845360787,0,10450.666666666666,
2018-04,20,109.4,2.8839682442390595,7.82885425786493,7.090773643376181,0.904065198232735,0.5799270414367135,0,7177.1,
2018-05,21,108.77,-0.6506323066719446,7.147833358606148,6.15375648946443,0.9770296646182598,0.8636363636363532,0,7061.047619047619,
2018-06,21,110.64,1.3100624045698057,6.962827910725353,6.465432079749005,0.6629457145755997,0.9293849658314315,0,6912.666666666667,
2018-07,21,111.4,0.5942216098362649,8.605895716386202,7.231055767545575,1.3248783892852465,0.6758583400919167,2,6383.190476190476,
2018-08,23,110.81,-1.1752703348353493,8.880108423287734,7.403076776550704,0.8314553096231785,0.5808149559851172,0,6316.695652173913,
2018-09,18,113.44,2.201416827134506,6.346067637938606,5.602491262063599,0.7343541074883178,0.5447887827096539,0,5727.222222222223,
2018-10,22,113.2,-0.7393098275388712,6.098103550538765,5.704025200530538,0.7831311715652804,0.4830053667263026,0,6472.954545454545,
2018-11,21,113.47,0.5036013647281605,5.993183877498418,5.093898105347425,0.5556304809336678,0.7517467055806087,0,6061.380952380952,
2018-12,19,110.4,-2.7428350959902996,5.940512019332029,4.840912197354124,0.9027776399021947,0.7151796888968328,0,7614.315789473684,
2019-01,19,108.73,0.8126372174492823,11.106243968773713,10.661206092912572,2.3368761007829684,0.8623087621696865,1,6774.210526315789,
2019-02,19,110.76,1.6568426347232705,10.249266819114219,5.986949514019521,0.8227489504187295,0.3829670830673855,0,6034.9473684210525,
2019-03,20,110.75,-0.9615026673254177,6.888533027501942,5.943114888267918,0.9524737295737974,0.6306874493197611,0,7247.85,
2019-04,20,111.68,0.5657088673625904,6.231341817236857,5.4877919362434096,0.6817392747857749,0.4381258941344732,0,6692.4,
2019-05,19,108.78,-1.7134943475148927,6.068975454204266,4.876750041995074,0.917520154409873,0.808972237543662,0,7043.315789473684,
2019-06,20,107.64,-0.5651041023894177,6.194767268131831,5.3984811356971205,0.6571967931240803,0.6222139673105513,0,7536.35,
2019-07,22,108.56,0.21208915691376296,6.554417889433438,5.805430390049801,0.8294213985282394,0.48121414029242643,0,5323.045454545455,
2019-08,21,106.52,-2.4390322050221553,10.460733330360188,9.734138721849918,2.0642191725234733,1.466441060349692,1,7324.952380952381,
2019-09,19,107.86,1.4945168886283717,7.414993901644351,5.357279045826552,0.4462218057593667,0.6293382693197526,0,6279.421052631579,
2019-10,21,108.61,0.2396756309576648,5.101097043941545,4.842213245014165,0.6202862085950273,0.6796387673400892,0,5103.809523809524,
2019-11,20,109.5,1.4163761106751738,4.992794108032281,4.7649902475773,0.7658630283187428,0.4313509544787068,0,5599.15,
2019-12,21,109.15,-0.41142915179621065,4.999702575621342,4.542073558370541,0.8979352984009867,0.7479704460457842,1,4664.857142857143,
2020-01,19,109.04,0.8565560083597187,6.239111817181654,5.703027569189949,0.9573855691272901,0.7839881940601312,1,5712.631578947368,
2020-02,18,108.84,0.1931301469386122,8.344504146339766,5.233928615620283,1.4156496278328705,0.8085262771040148,2,6672.444444444444,
2020-03,21,108.42,-0.02766634406912578,21.04978855945889,16.72013714862996,3.4227528794974362,2.9342723004694835,3,9221.714285714286,無秩序
2020-04,21,106.6,-0.9894601401067096,21.180401112367562,12.706228134264341,0.8739304046556521,0.8701227331012902,0,4153.238095238095,無秩序
2020-05,18,107.21,0.24280923397335738,6.355415275227498,5.437020642479797,0.7492074752532852,0.6156142150918726,0,3532.277777777778,
2020-06,22,107.73,0.18582185036662746,7.803377757447021,7.085802073809426,1.4350352048078505,0.6902341199514923,0,4395.045454545455,
2020-07,21,104.45,-2.9433310441339176,6.914290088161415,4.94138479157977,1.2706651269114801,0.6251776072747908,1,3872.7619047619046,
2020-08,20,105.83,-0.06612195017277132,9.456188965672563,8.47373872774751,1.3786764604786053,0.8862072216460806,1,3674.05,
2020-09,20,105.62,-0.037864445738263475,5.975226622498734,4.894039034392453,0.4739345363896559,0.4676911329579165,0,3397.2,
2020-10,22,104.36,-1.1243567708994184,4.252561678993926,3.94891815691574,0.5931328974137038,0.6750332762882618,0,3212.681818181818,
2020-11,19,104.03,-0.7851438265125009,8.142843592177886,7.055734731944981,1.476820089535052,0.9344012204424006,1,3852.157894736842,
2020-12,22,103.33,-0.9727047367983175,7.948058647789641,5.266722031541623,0.5975345458215902,0.39732532222114214,0,3325.7272727272725,
2021-01,19,104.55,1.571343846109922,5.283557655997357,4.79436710602028,0.605800208391511,0.44694908666926536,0,3818.2105263157896,
2021-02,18,106.09,1.2711231668933132,5.053547283673474,4.627324061731802,0.6753247713643638,0.5467056272975893,0,4331.0,
2021-03,23,110.74,3.8101599663077,5.823825438136714,4.973343318107317,1.0305062646398988,0.623081090843415,1,4675.652173913043,
2021-04,21,108.89,-1.6395303039562978,4.947081722570474,4.479606457255124,0.6263837724325649,0.5821474773609272,0,4353.571428571428,
2021-05,18,109.72,0.3469372602549143,5.650310379085074,5.2533149587179055,0.7964522350275308,0.5233198677928692,0,3772.8888888888887,
2021-06,22,110.55,0.9634686418121747,5.485835350054314,4.9719420829601795,0.6921073069333952,0.4816868126874499,0,3672.7727272727275,
2021-07,20,109.53,-1.5851063279532225,5.940378678287657,5.672445125715521,0.7712237109861674,0.8015301940067489,0,3882.9,
2021-08,21,109.82,0.13668050786089952,5.909551827878531,5.270610291607129,0.8101632770758294,0.42812898524321263,0,3187.9523809523807,
2021-09,20,111.88,1.3316734490763946,5.762797095171413,4.857185448353734,0.9276166915311843,0.44044943820225535,0,4427.8,
2021-10,21,113.61,2.0811850412204014,6.81189482309279,6.225024638861297,0.7386018004572712,0.5851582587108756,0,4672.047619047619,
2021-11,20,113.19,-1.0895459685294726,8.705748665051551,6.997718515241353,1.0629129518340517,1.0598230708592395,0,5620.85,
2021-12,22,115.12,1.487731999323056,8.309418889886713,6.177630406771764,0.4321184906440726,0.6003354815926483,0,4423.818181818182,
2022-01,19,115.43,-0.26820105188717236,6.993901333286721,5.384375681014902,0.8615866361146753,0.5223295899712793,0,4906.684210526316,
2022-02,18,115.5,0.48602768822528836,7.135401771766402,5.921283607655088,0.5741642567675183,0.6107136625370815,0,4789.722222222223,
2022-03,22,121.64,5.578596883642736,10.43368096710438,6.076602973912438,1.782926701100461,1.534421925002055,3,6436.636363636364,
2022-04,20,130.6,6.288598227877188,11.159456549843187,10.345664631713856,2.0187080974630334,1.7764165390505307,1,6777.5,
2022-05,19,127.76,-1.8226742608627624,11.076562145534874,10.202124467005845,0.8732330130498934,1.125426886060243,0,5358.789473684211,
2022-06,22,136.2,5.121601164861159,9.552702674238924,8.486069261980573,1.517825298939967,1.8169632884056874,0,5475.727272727273,
2022-07,20,132.78,-1.887481898453951,12.350302925281516,8.54606883509707,2.086824871180635,1.6267510167193828,1,5429.8,警戒
2022-08,22,138.6,4.455671363749537,15.708043211611264,14.361528565709095,1.8103126462248493,1.1935144873141983,0,4419.454545454545,無秩序
2022-09,20,144.32,3.5474965614373466,11.472233292856924,9.985191259601137,1.6536251245683673,1.6600356701879655,0,6518.75,
2022-10,20,148.01,2.0339221476938607,10.938137572586037,8.787308693332516,1.2363769290384499,2.95457590781187,0,5381.9,
2022-11,20,138.53,-6.5652280234356795,17.165663699008135,13.706831888069138,3.562115736863719,1.1640517677680464,1,4904.75,無秩序
2022-12,22,132.14,-3.2755645388394656,17.991456046787686,15.325456693630667,2.4140644811275114,3.906485671191559,0,4654.545454545455,無秩序
2023-01,19,130.15,-0.07680491929018499,18.907111674649467,17.434842140191176,2.484838796260034,2.617841240595729,0,5167.315789473684,無秩序
2023-02,19,136.76,4.930945662685908,17.412728873875142,14.71021658224987,2.4425177377802387,1.2571866615561413,0,4980.421052631579,無秩序
2023-03,22,133.13,-2.081395290333075,13.968466774403698,12.203935183828706,1.4844259244924354,1.457347779642909,0,5843.5,警戒
2023-04,20,135.73,1.6266559880151066,13.893942437037579,11.361489324443424,1.43962118243458,1.8050541516245404,0,4364.85,警戒
2023-05,20,139.75,2.1846933714218366,12.17619475321036,11.232275102793704,1.8853949526292264,0.6773135605304353,0,4059.95,警戒
2023-06,22,144.85,3.462789350501287,9.864685428792962,7.569160986379449,1.0020841137549577,1.098122564647546,0,4482.590909090909,
2023-07,20,142.18,-1.85358243961034,11.102128723251676,7.797790160004297,1.7095646004521985,2.246547900121618,1,5002.3,
2023-08,22,145.91,2.2105324444231704,11.24363406179041,9.230082512397646,0.69509243765778,0.713785864240715,0,4283.909090909091,
2023-09,20,148.77,2.277538194724166,6.683878816110574,5.856528075564256,0.8174432439558175,0.9233926128591128,0,4704.6,
2023-10,21,150.29,0.3599523950444106,5.502781150540026,4.631828701480302,0.6565747826406456,0.851686738971323,0,3685.904761904762,
2023-11,20,147.06,-2.8952565112945146,9.3350566222427,6.9201620019757115,1.015508459761954,0.8662369057212065,0,4005.75,
2023-12,21,141.4,-4.757706252450513,15.197246442788447,12.72193099426687,2.647550672136254,1.387251161822848,2,4325.333333333333,無秩序
2024-01,19,147.66,2.941388520629341,16.34583536869251,12.59257714551153,1.390569496225371,1.0706057731400003,0,4453.473684210527,無秩序
2024-02,19,149.68,1.9360448214465173,8.960154335812033,7.235433026188727,1.2537862048902542,0.7014965259219744,0,3799.1052631578946,
2024-03,20,151.34,0.5565877077445176,7.8463908700777365,7.185317426742915,1.075712941204786,0.9916145348063418,0,4725.25,
2024-04,21,156.86,3.5758652316792943,7.112759888157874,4.909889952455681,0.8394042335358488,0.8933699189585895,0,4322.809523809524,
2024-05,21,157.15,-0.4697824790220548,9.833884185796173,8.967565063954478,1.525285641450833,1.3762057877813598,1,5200.047619047619,
2024-06,20,160.93,2.3959643224247693,8.3036440124948,7.11077356762909,1.107175880751312,0.9196422908606512,0,4348.1,
2024-07,22,150.91,-6.4844948241375695,13.841678931150744,7.433118532525048,2.609611479236385,2.1536014843284077,2,7396.5,警戒
2024-08,21,144.94,-3.3381661255029433,21.714742006479714,19.885582293425653,3.9086691843692503,3.3867595818815426,1,5213.666666666667,無秩序
2024-09,19,142.38,-2.838936069052799,19.534014182011333,13.27462548794251,1.5649991329719473,2.5837988826815566,0,5603.9473684210525,無秩序
2024-10,22,152.25,5.446138761357382,14.68183154963957,12.184020860926456,1.6453061059542247,1.011494252873558,0,4906.636363636364,警戒
2024-11,20,149.99,-1.6923785955410533,10.322714888278307,8.649553453220367,1.3594980627283175,2.0007795244900506,0,5375.7,
2024-12,21,157.89,4.959801461848017,10.737041530743129,9.308389014880389,1.8706602384109539,1.4826175869120792,1,4683.714285714285,
2025-01,19,154.66,-1.927508206850094,8.13591412606431,6.788552959191907,0.7884908956067909,0.997554382803457,0,4778.210526315789,
2025-02,18,150.44,-3.391706161478299,9.88143240560949,8.3397097106726,1.2894207869067553,0.9988679496570554,0,5067.555555555556,
2025-03,20,149.14,-0.6949112556089232,9.87171629727379,8.965249559736645,1.1369911332192209,0.8135000672314158,0,4977.1,
2025-04,21,142.81,-4.665050473048617,14.692672375820434,12.271150332986267,2.3729106172749295,1.3854595336076692,2,4385.571428571428,警戒
2025-05,20,144.04,-0.22884098610488054,15.723423180600768,13.531759909502288,1.8835004733999863,1.5413737155219047,0,4298.65,無秩序
2025-06,21,144.13,0.8500608601307889,11.998406665389783,9.536029513842184,1.380557738665844,0.8885186727752334,0,3503.190476190476,
2025-07,22,149.39,4.315642166340883,10.030965544671801,9.050050794971524,0.8740139004813838,0.7564093982194227,0,3660.181818181818,
2025-08,20,147.01,-2.372821793051111,10.730672152654023,10.149031130988176,1.7827695537954724,0.7300764192139692,0,3203.85,
2025-09,20,148.07,0.6776471008405047,9.056244676909408,6.917597127458339,1.0685885531884407,1.1234443323242431,0,3770.7,
2025-10,22,154.31,4.771498578704769,11.016485179473094,9.7787751871874,1.7550798482303485,0.9265431275829797,1,4095.9545454545455,
2025-11,18,156.32,1.7618473866935664,10.586566968305029,7.310869816674347,1.2397117044192203,0.7487466631942036,0,4181.277777777777,
2025-12,22,155.98,0.3854064380077232,6.998898235013259,6.434164102972127,0.8993267871633481,0.8166390200331766,0,3869.090909090909,
2026-01,19,153.8,-2.046535162712385,12.438168172855,8.10713268843748,2.6420855568475776,1.1680030304943458,1,4343.526315789473,警戒
2026-02,18,156.09,0.7717576410654472,14.007817440671285,12.620317867612314,1.6592512365308083,1.0441355454487191,0,3820.6666666666665,警戒
2026-03,21,159.63,1.6676528224161289,8.931695914941388,6.9607123617549265,0.7220247973487132,0.6624625772342136,0,3683.5714285714284,
2026-04,21,160.14,0.8402883831452167,6.636890281853393,6.107928870647279,1.043772051582805,1.0492383540863388,0,4216.809523809524,
2026-05,16,159.36,1.7343304513496507,9.665488747180891,9.010378323031153,2.2225943321696047,1.1620482696973522,1,3092.25,
