所管,組織,科目名,元額_億円,フリードマン根拠,残存割合,残す額_億円,削減額_億円,措置,理由
皇室費,皇室費,内廷費,3,①法秩序維持,80%,2,1,維持（内廷費は縮小）,①国家の象徴的秩序機能。内廷費・皇族費は縮小余地あり。
皇室費,皇室費,宮廷費,120,①法秩序維持,80%,96,24,維持（内廷費は縮小）,①国家の象徴的秩序機能。内廷費・皇族費は縮小余地あり。
皇室費,皇室費,皇族費,3,①法秩序維持,80%,2,1,維持（内廷費は縮小）,①国家の象徴的秩序機能。内廷費・皇族費は縮小余地あり。
国会,衆議院,衆議院,693,③ルール修正・④裁定,50%,346,347,縮小,③④立法・裁定機能は必須。ただし議員定数削減・秘書手当削減等で大幅縮小可能。
国会,衆議院,衆議院施設費,22,③ルール修正・④裁定,50%,11,11,縮小,③④立法・裁定機能は必須。ただし議員定数削減・秘書手当削減等で大幅縮小可能。
国会,衆議院,衆議院予備経費,0,③ルール修正・④裁定,50%,0,0,縮小,③④立法・裁定機能は必須。ただし議員定数削減・秘書手当削減等で大幅縮小可能。
国会,参議院,参議院,429,③ルール修正・④裁定,50%,214,215,縮小,③④立法・裁定機能は必須。ただし議員定数削減・秘書手当削減等で大幅縮小可能。
国会,参議院,参議院施設費,11,③ルール修正・④裁定,50%,6,5,縮小,③④立法・裁定機能は必須。ただし議員定数削減・秘書手当削減等で大幅縮小可能。
国会,参議院,参議院予備経費,0,③ルール修正・④裁定,50%,0,0,縮小,③④立法・裁定機能は必須。ただし議員定数削減・秘書手当削減等で大幅縮小可能。
国会,国立国会図書館,国立国会図書館,200,③ルール修正・④裁定,50%,100,100,縮小,③④立法・裁定機能は必須。ただし議員定数削減・秘書手当削減等で大幅縮小可能。
国会,国立国会図書館,国立国会図書館施設費,8,③ルール修正・④裁定,50%,4,4,縮小,③④立法・裁定機能は必須。ただし議員定数削減・秘書手当削減等で大幅縮小可能。
国会,裁判官訴追委員会,裁判官訴追委員会,1,③ルール修正・④裁定,50%,0,1,縮小,③④立法・裁定機能は必須。ただし議員定数削減・秘書手当削減等で大幅縮小可能。
国会,裁判官弾劾裁判所,裁判官弾劾裁判所,1,③ルール修正・④裁定,50%,0,1,縮小,③④立法・裁定機能は必須。ただし議員定数削減・秘書手当削減等で大幅縮小可能。
裁判所,裁判所,最高裁判所,863,④裁定・⑤契約履行強制,100%,863,0,維持,④⑤裁定・契約履行強制は政府の核心機能。
裁判所,裁判所,下級裁判所,2179,④裁定・⑤契約履行強制,100%,2179,0,維持,④⑤裁定・契約履行強制は政府の核心機能。
裁判所,裁判所,検察審査費,3,④裁定・⑤契約履行強制,100%,3,0,維持,④⑤裁定・契約履行強制は政府の核心機能。
裁判所,裁判所,裁判費,329,④裁定・⑤契約履行強制,100%,329,0,維持,④⑤裁定・契約履行強制は政府の核心機能。
裁判所,裁判所,裁判所施設費,120,④裁定・⑤契約履行強制,100%,120,0,維持,④⑤裁定・契約履行強制は政府の核心機能。
裁判所,裁判所,裁判所予備経費,0,④裁定・⑤契約履行強制,100%,0,0,維持,④⑤裁定・契約履行強制は政府の核心機能。
会計検査院,会計検査院,会計検査院,169,①法秩序維持,80%,135,34,維持（縮小）,①政府資金の適正使用監視は政府縮小後も重要。ただし対象縮小で規模も縮小。
内閣,内閣官房,内閣官房共通費,489,①法秩序維持,50%,244,245,縮小,政府縮小に伴い内閣機能も縮小。①行政統括の最小限のみ。
内閣,内閣官房,内閣官房施設費,24,①法秩序維持,50%,12,12,縮小,政府縮小に伴い内閣機能も縮小。①行政統括の最小限のみ。
内閣,内閣官房,情報収集衛星業務費,608,①法秩序維持,100%,608,0,維持,①安全保障のための情報収集衛星。
内閣,内閣官房,情報収集衛星施設費,14,①法秩序維持,100%,14,0,維持,①安全保障のための情報収集衛星。
内閣,内閣法制局,内閣法制局,12,①法秩序維持,50%,6,6,縮小,政府縮小に伴い内閣機能も縮小。①行政統括の最小限のみ。
内閣,人事院,人事院,95,①法秩序維持,50%,48,47,縮小,政府縮小に伴い内閣機能も縮小。①行政統括の最小限のみ。
内閣府,内閣本府,内閣本府共通費,297,該当なし,10%,30,267,廃止,フリードマン範囲外の政策調整・補助事業は廃止。
内閣府,内閣本府,内閣本府施設費,100,該当なし,10%,10,90,廃止,フリードマン範囲外の政策調整・補助事業は廃止。
内閣府,内閣本府,公文書等管理政策費,1,該当なし,10%,0,1,廃止,フリードマン範囲外の政策調整・補助事業は廃止。
内閣府,内閣本府,独立行政法人国立公文書館運営費,28,該当なし,10%,3,25,廃止,フリードマン範囲外の政策調整・補助事業は廃止。
内閣府,内閣本府,政府広報費,79,該当なし,10%,8,71,廃止,フリードマン範囲外の政策調整・補助事業は廃止。
内閣府,内閣本府,アイヌ政策推進費,20,該当なし,10%,2,18,廃止,フリードマン範囲外の政策調整・補助事業は廃止。
内閣府,内閣本府,遺棄化学兵器廃棄処理事業費,442,⑤契約履行強制,100%,442,0,維持（時限的）,⑤条約義務（化学兵器禁止条約）に基づく廃棄処理。
内閣府,内閣本府,経済財政政策費,9,該当なし,10%,1,8,廃止,フリードマン範囲外の政策調整・補助事業は廃止。
内閣府,内閣本府,地方創生支援費,1051,該当なし,0%,0,1051,廃止,地方創生・特区政策はフリードマン否定の産業政策。市場による地域選択が効率的。
内閣府,内閣本府,地方創生基盤整備事業推進費,558,該当なし,0%,0,558,廃止,地方創生・特区政策はフリードマン否定の産業政策。市場による地域選択が効率的。
内閣府,内閣本府,防災政策費,126,⑨外部効果克服,70%,88,38,縮小,⑨広域災害は外部効果。国の防災調整機能は維持。補助事業は廃止。
内閣府,内閣本府,事前防災対策総合推進費,17,該当なし,10%,2,15,廃止,フリードマン範囲外の政策調整・補助事業は廃止。
内閣府,内閣本府,電源開発促進税財源原子力安全規制対策費エネルギー対策特別会計へ繰入,97,該当なし,10%,10,87,廃止,フリードマン範囲外の政策調整・補助事業は廃止。
内閣府,内閣本府,沖縄政策費,453,該当なし,0%,0,453,廃止,特定地域への優遇補助。地方自治体と市場が担う。
内閣府,内閣本府,沖縄振興交付金事業推進費,736,該当なし,0%,0,736,廃止,特定地域への優遇補助。地方自治体と市場が担う。
内閣府,内閣本府,沖縄振興特定事業推進費,95,該当なし,0%,0,95,廃止,特定地域への優遇補助。地方自治体と市場が担う。
内閣府,内閣本府,沖縄北部連携促進特別振興事業費,50,該当なし,0%,0,50,廃止,特定地域への優遇補助。地方自治体と市場が担う。
内閣府,内閣本府,沖縄振興推進調査費,0,該当なし,0%,0,0,廃止,特定地域への優遇補助。地方自治体と市場が担う。
内閣府,内閣本府,沖縄教育振興事業費,30,該当なし,0%,0,30,廃止,特定地域への優遇補助。地方自治体と市場が担う。
内閣府,内閣本府,沖縄保健衛生諸費,0,該当なし,0%,0,0,廃止,特定地域への優遇補助。地方自治体と市場が担う。
内閣府,内閣本府,沖縄開発事業費,1027,該当なし,0%,0,1027,廃止,特定地域への優遇補助。地方自治体と市場が担う。
内閣府,内閣本府,沖縄北部連携促進特別振興対策特定開発事業推進費,26,該当なし,0%,0,26,廃止,特定地域への優遇補助。地方自治体と市場が担う。
内閣府,内閣本府,共生・共助政策費,20,該当なし,10%,2,18,廃止,フリードマン範囲外の政策調整・補助事業は廃止。
内閣府,内閣本府,孤独・孤立対策推進費,2,該当なし,10%,0,2,廃止,フリードマン範囲外の政策調整・補助事業は廃止。
内閣府,内閣本府,就職氷河期世代等支援推進費,0,該当なし,10%,0,0,廃止,フリードマン範囲外の政策調整・補助事業は廃止。
内閣府,内閣本府,重要土地等調査費,6,該当なし,10%,1,5,廃止,フリードマン範囲外の政策調整・補助事業は廃止。
内閣府,内閣本府,経済安全保障確保推進費,7,該当なし,10%,1,6,廃止,フリードマン範囲外の政策調整・補助事業は廃止。
内閣府,内閣本府,工業所有権事務費特許特別会計へ繰入,0,該当なし,10%,0,0,廃止,フリードマン範囲外の政策調整・補助事業は廃止。
内閣府,内閣本府,栄典行政費,30,該当なし,10%,3,27,廃止,フリードマン範囲外の政策調整・補助事業は廃止。
内閣府,内閣本府,男女共同参画社会形成促進費,14,該当なし,10%,1,13,廃止,フリードマン範囲外の政策調整・補助事業は廃止。
内閣府,内閣本府,独立行政法人男女共同参画機構運営費,7,該当なし,10%,1,6,廃止,フリードマン範囲外の政策調整・補助事業は廃止。
内閣府,内閣本府,食品安全政策費,3,該当なし,10%,0,3,廃止,フリードマン範囲外の政策調整・補助事業は廃止。
内閣府,内閣本府,公益法人制度適正運営推進費,0,該当なし,10%,0,0,廃止,フリードマン範囲外の政策調整・補助事業は廃止。
内閣府,内閣本府,経済社会総合研究所,19,該当なし,10%,2,17,廃止,フリードマン範囲外の政策調整・補助事業は廃止。
内閣府,内閣本府,迎賓施設運営費,23,該当なし,10%,2,21,廃止,フリードマン範囲外の政策調整・補助事業は廃止。
内閣府,内閣本府,日本学術会議運営費,7,該当なし,10%,1,6,廃止,フリードマン範囲外の政策調整・補助事業は廃止。
内閣府,内閣本府,航空機燃料税財源沖縄空港整備事業費自動車安全特別会計へ繰入,17,該当なし,0%,0,17,廃止,特定地域への優遇補助。地方自治体と市場が担う。
内閣府,地方創生推進事務局,地方創生推進事務局,18,該当なし,0%,0,18,廃止,地方創生・特区政策はフリードマン否定の産業政策。市場による地域選択が効率的。
内閣府,地方創生推進事務局,総合特区推進調整費,0,該当なし,10%,0,0,廃止,フリードマン範囲外の政策調整・補助事業は廃止。
内閣府,地方創生推進事務局,地方創生推進費,5,該当なし,0%,0,5,廃止,地方創生・特区政策はフリードマン否定の産業政策。市場による地域選択が効率的。
内閣府,地方創生推進事務局,特定地域づくり事業推進費,6,該当なし,10%,1,5,廃止,フリードマン範囲外の政策調整・補助事業は廃止。
内閣府,知的財産戦略推進事務局,知的財産戦略推進事務局,2,該当なし,10%,0,2,廃止,フリードマン範囲外の政策調整・補助事業は廃止。
内閣府,科学技術・イノベーション推進事務局,科学技術・イノベーション推進事務局,34,該当なし,10%,3,31,廃止,フリードマン範囲外の政策調整・補助事業は廃止。
内閣府,科学技術・イノベーション推進事務局,科学技術イノベーション創造推進費,594,⑨外部効果克服,40%,238,356,大幅縮小,⑨基礎研究の外部効果あり。ただしイノベーション補助・産業政策は廃止。
内閣府,健康・医療戦略推進事務局,健康・医療戦略推進事務局,3,該当なし,10%,0,3,廃止,フリードマン範囲外の政策調整・補助事業は廃止。
内閣府,宇宙開発戦略推進事務局,宇宙開発戦略推進事務局,184,①法秩序維持・⑨外部効果克服,50%,92,92,縮小,①安全保障・⑨衛星インフラの外部効果。商業宇宙は民間へ。
内閣府,宇宙開発戦略推進事務局,宇宙開発利用推進費,21,①法秩序維持・⑨外部効果克服,50%,10,11,縮小,①安全保障・⑨衛星インフラの外部効果。商業宇宙は民間へ。
内閣府,北方対策本部,北方対策本部,4,該当なし,10%,0,4,廃止,フリードマン範囲外の政策調整・補助事業は廃止。
内閣府,北方対策本部,独立行政法人北方領土問題対策協会運営費,13,該当なし,10%,1,12,廃止,フリードマン範囲外の政策調整・補助事業は廃止。
内閣府,総合海洋政策推進事務局,総合海洋政策推進事務局,3,該当なし,10%,0,3,廃止,フリードマン範囲外の政策調整・補助事業は廃止。
内閣府,総合海洋政策推進事務局,海洋開発等重点戦略推進費,6,該当なし,10%,1,5,廃止,フリードマン範囲外の政策調整・補助事業は廃止。
内閣府,総合海洋政策推進事務局,有人国境離島政策推進費,55,該当なし,10%,6,49,廃止,フリードマン範囲外の政策調整・補助事業は廃止。
内閣府,国際平和協力本部,国際平和協力本部,7,該当なし,10%,1,6,廃止,フリードマン範囲外の政策調整・補助事業は廃止。
内閣府,日本学術会議,日本学術会議,7,該当なし,10%,1,6,廃止,フリードマン範囲外の政策調整・補助事業は廃止。
内閣府,官民人材交流センター,官民人材交流センター,3,該当なし,10%,0,3,廃止,フリードマン範囲外の政策調整・補助事業は廃止。
内閣府,沖縄総合事務局,沖縄総合事務局,56,該当なし,0%,0,56,廃止,特定地域への優遇補助。地方自治体と市場が担う。
内閣府,沖縄総合事務局,沖縄海岸事業調査諸費,0,該当なし,0%,0,0,廃止,特定地域への優遇補助。地方自治体と市場が担う。
内閣府,沖縄総合事務局,沖縄治水事業工事諸費,21,該当なし,0%,0,21,廃止,特定地域への優遇補助。地方自治体と市場が担う。
内閣府,沖縄総合事務局,沖縄道路整備事業工事諸費,14,該当なし,0%,0,14,廃止,特定地域への優遇補助。地方自治体と市場が担う。
内閣府,沖縄総合事務局,沖縄港湾空港整備事業工事諸費,10,該当なし,0%,0,10,廃止,特定地域への優遇補助。地方自治体と市場が担う。
内閣府,沖縄総合事務局,沖縄道路環境整備事業工事諸費,1,該当なし,0%,0,1,廃止,特定地域への優遇補助。地方自治体と市場が担う。
内閣府,沖縄総合事務局,沖縄国営公園事業工事諸費,3,該当なし,0%,0,3,廃止,特定地域への優遇補助。地方自治体と市場が担う。
内閣府,沖縄総合事務局,沖縄農業農村整備事業工事諸費,9,該当なし,0%,0,9,廃止,特定地域への優遇補助。地方自治体と市場が担う。
内閣府,沖縄総合事務局,沖縄水産基盤整備事業調査諸費,0,該当なし,0%,0,0,廃止,特定地域への優遇補助。地方自治体と市場が担う。
内閣府,沖縄総合事務局,沖縄災害復旧事業等工事諸費,0,該当なし,0%,0,0,廃止,特定地域への優遇補助。地方自治体と市場が担う。
内閣府,宮内庁,宮内庁,130,①法秩序維持,100%,130,0,維持,①皇室関連機能は国家の象徴的秩序。
内閣府,公正取引委員会,公正取引委員会,128,⑥競争促進,100%,128,0,維持,⑥競争促進（独禁法執行）はフリードマンが明示的に支持。
内閣府,公正取引委員会,公正取引委員会施設費,1,⑥競争促進,100%,1,0,維持,⑥競争促進（独禁法執行）はフリードマンが明示的に支持。
内閣府,警察庁,警察庁共通費,1029,①法秩序維持,100%,1029,0,維持,①法と秩序の維持。警察機能は政府の根本的役割。
内閣府,警察庁,警察庁施設費,96,①法秩序維持,100%,96,0,維持,①法と秩序の維持。警察機能は政府の根本的役割。
内閣府,警察庁,匿名・流動型犯罪グループ対策費,3,該当なし,10%,0,3,廃止,フリードマン範囲外の政策調整・補助事業は廃止。
内閣府,警察庁,犯罪被害者等支援推進費,20,該当なし,10%,2,18,廃止,フリードマン範囲外の政策調整・補助事業は廃止。
内閣府,警察庁,警察情報通信基盤費,195,①法秩序維持,100%,195,0,維持,①法と秩序の維持。警察機能は政府の根本的役割。
内閣府,警察庁,生活安全警察費,1,①法秩序維持,100%,1,0,維持,①法と秩序の維持。警察機能は政府の根本的役割。
内閣府,警察庁,刑事警察費,1,①法秩序維持,100%,1,0,維持,①法と秩序の維持。警察機能は政府の根本的役割。
内閣府,警察庁,組織犯罪対策費,1,該当なし,10%,0,1,廃止,フリードマン範囲外の政策調整・補助事業は廃止。
内閣府,警察庁,交通警察費,166,①法秩序維持,100%,166,0,維持,①法と秩序の維持。警察機能は政府の根本的役割。
内閣府,警察庁,交通反則者納金財源交通安全対策特別交付金等交付税及び譲与税配付金特別会計へ繰入,433,該当なし,10%,43,390,廃止,フリードマン範囲外の政策調整・補助事業は廃止。
内閣府,警察庁,警備警察費,108,①法秩序維持,100%,108,0,維持,①法と秩序の維持。警察機能は政府の根本的役割。
内閣府,警察庁,皇宮警察本部,89,①法秩序維持,100%,89,0,維持,①法と秩序の維持。警察機能は政府の根本的役割。
内閣府,警察庁,サイバー警察費,29,①法秩序維持,100%,29,0,維持,①法と秩序の維持。警察機能は政府の根本的役割。
内閣府,警察庁,科学警察研究所,20,①法秩序維持,100%,20,0,維持,①法と秩序の維持。警察機能は政府の根本的役割。
内閣府,警察庁,警察活動基盤整備費,689,①法秩序維持,100%,689,0,維持,①法と秩序の維持。警察機能は政府の根本的役割。
内閣府,個人情報保護委員会,個人情報保護委員会,36,該当なし,10%,4,32,廃止,フリードマン範囲外の政策調整・補助事業は廃止。
内閣府,カジノ管理委員会,カジノ管理委員会,39,該当なし,10%,4,35,廃止,フリードマン範囲外の政策調整・補助事業は廃止。
内閣府,サイバー通信情報監理委員会,サイバー通信情報監理委員会,14,該当なし,10%,1,13,廃止,フリードマン範囲外の政策調整・補助事業は廃止。
内閣府,金融庁,金融庁共通費,231,⑥競争促進・⑧技術的独占対抗,80%,185,46,維持（縮小）,⑥⑧金融市場の競争促進・自然独占規制。金融監督は市場機能に不可欠。
内閣府,金融庁,金融政策費,15,該当なし,10%,2,13,廃止,フリードマン範囲外の政策調整・補助事業は廃止。
内閣府,消費者庁,消費者庁共通費,56,該当なし,10%,6,50,廃止,フリードマン範囲外の政策調整・補助事業は廃止。
内閣府,消費者庁,消費者政策費,38,該当なし,10%,4,34,廃止,フリードマン範囲外の政策調整・補助事業は廃止。
内閣府,消費者庁,食品衛生基準政策費,18,該当なし,10%,2,16,廃止,フリードマン範囲外の政策調整・補助事業は廃止。
内閣府,消費者庁,独立行政法人国民生活センター運営費,32,該当なし,10%,3,29,廃止,フリードマン範囲外の政策調整・補助事業は廃止。
内閣府,こども家庭庁,こども家庭庁共通費,87,該当なし,10%,9,78,廃止,フリードマン範囲外の政策調整・補助事業は廃止。
内閣府,こども家庭庁,母子保健衛生対策費,100,該当なし,10%,10,90,廃止,フリードマン範囲外の政策調整・補助事業は廃止。
内閣府,こども家庭庁,保育対策費,669,該当なし,0%,0,669,廃止（市場へ）,保育は民間市場で供給可能。補助廃止により市場価格が適正化。
内閣府,こども家庭庁,児童手当等子ども・子育て支援特別会計へ繰入,26078,該当なし,0%,0,26078,廃止,育児は親の責任。児童手当はNITが代替（低所得家庭への給付はNITに含める）。
内閣府,こども家庭庁,こども安全対策費,40,該当なし,10%,4,36,廃止,フリードマン範囲外の政策調整・補助事業は廃止。
内閣府,こども家庭庁,児童虐待防止等対策費,1883,①法秩序維持・⑩責任能力なき者保護,80%,1506,377,維持（縮小）,①②子供の身体・財産権保護は政府機能。虐待介入は正当。
内閣府,こども家庭庁,国立児童自立支援施設,11,該当なし,10%,1,10,廃止,フリードマン範囲外の政策調整・補助事業は廃止。
内閣府,こども家庭庁,国立児童自立支援施設整備費,0,該当なし,10%,0,0,廃止,フリードマン範囲外の政策調整・補助事業は廃止。
内閣府,こども家庭庁,母子家庭等対策費,1747,⑩責任能力なき者保護,50%,874,873,縮小,⑩稼得能力が限られる母子家庭の最低限支援。NIT統合後は縮小。
内閣府,こども家庭庁,障害児支援等対策費,5202,⑩責任能力なき者保護,70%,3641,1561,縮小（重度障害児のみ）,⑩責任能力なき重度障害児への保護は正当機能。
内閣府,こども家庭庁,こども政策推進費,110,該当なし,10%,11,99,廃止,フリードマン範囲外の政策調整・補助事業は廃止。
内閣府,こども家庭庁,児童福祉施設等整備費,301,該当なし,10%,30,271,廃止,フリードマン範囲外の政策調整・補助事業は廃止。
内閣府,こども家庭庁,大学等修学支援費,6567,該当なし,0%,0,6567,廃止,高等教育への補助はフリードマン否定。貸付（返済義務あり）に移行。
デジタル庁,デジタル庁,デジタル庁共通費,193,該当なし,10%,19,174,廃止（民間移行）,政府IT機能は民間調達。デジタル庁は廃止・最小行政システム管理のみ。
デジタル庁,デジタル庁,デジタル社会形成推進費,14,該当なし,10%,1,13,廃止（民間移行）,政府IT機能は民間調達。デジタル庁は廃止・最小行政システム管理のみ。
デジタル庁,デジタル庁,情報通信技術調達等適正・効率化推進費,4990,該当なし,0%,0,4990,廃止,IT調達・行政DXは政府縮小後は民間に任せる。最小必要な行政DBのみ維持。
防災庁,防災庁,防災庁,24,⑨外部効果克服,60%,14,10,縮小,⑨広域災害対応の外部効果。国の調整機能は維持、地方・民間への補助は廃止。
総務省,総務本省,総務本省共通費,449,①法秩序維持,30%,135,314,縮小,地方行財政・行政評価等はフリードマン範囲外。①行政管理の最小限のみ。
総務省,総務本省,総務本省施設費,11,①法秩序維持,30%,3,8,縮小,地方行財政・行政評価等はフリードマン範囲外。①行政管理の最小限のみ。
総務省,総務本省,行政管理実施費,1,①法秩序維持,30%,0,1,縮小,地方行財政・行政評価等はフリードマン範囲外。①行政管理の最小限のみ。
総務省,総務本省,行政評価等実施費,2,①法秩序維持,30%,1,1,縮小,地方行財政・行政評価等はフリードマン範囲外。①行政管理の最小限のみ。
総務省,総務本省,地方行政制度整備費,4,①法秩序維持,30%,1,3,縮小,地方行財政・行政評価等はフリードマン範囲外。①行政管理の最小限のみ。
総務省,総務本省,地域振興費,21,①法秩序維持,30%,6,15,縮小,地方行財政・行政評価等はフリードマン範囲外。①行政管理の最小限のみ。
総務省,総務本省,地方財政制度整備費,1,①法秩序維持,30%,0,1,縮小,地方行財政・行政評価等はフリードマン範囲外。①行政管理の最小限のみ。
総務省,総務本省,地方交付税交付金,200622,該当なし,30%,60187,140435,大幅削減,地方政府も同様の役割限定改革を前提。地方歳出半減後の交付税相当分のみ。
総務省,総務本省,地方特例交付金,8156,該当なし,30%,2447,5709,大幅削減,同上。地方税減収補填目的だが、地方改革後は不要。
総務省,総務本省,地方税制度整備費,1,①法秩序維持,30%,0,1,縮小,地方行財政・行政評価等はフリードマン範囲外。①行政管理の最小限のみ。
総務省,総務本省,選挙制度等整備費,2,①法秩序維持,30%,1,1,縮小,地方行財政・行政評価等はフリードマン範囲外。①行政管理の最小限のみ。
総務省,総務本省,電子政府・電子自治体推進費,305,①法秩序維持,30%,92,213,縮小,地方行財政・行政評価等はフリードマン範囲外。①行政管理の最小限のみ。
総務省,総務本省,情報通信技術研究開発推進費,98,①法秩序維持,30%,29,69,縮小,地方行財政・行政評価等はフリードマン範囲外。①行政管理の最小限のみ。
総務省,総務本省,国立研究開発法人情報通信研究機構運営費,301,①法秩序維持,30%,90,211,縮小,地方行財政・行政評価等はフリードマン範囲外。①行政管理の最小限のみ。
総務省,総務本省,国立研究開発法人情報通信研究機構施設整備費,3,①法秩序維持,30%,1,2,縮小,地方行財政・行政評価等はフリードマン範囲外。①行政管理の最小限のみ。
総務省,総務本省,情報通信技術高度利活用推進費,13,①法秩序維持,30%,4,9,縮小,地方行財政・行政評価等はフリードマン範囲外。①行政管理の最小限のみ。
総務省,総務本省,情報通信技術利用環境整備費,57,①法秩序維持,30%,17,40,縮小,地方行財政・行政評価等はフリードマン範囲外。①行政管理の最小限のみ。
総務省,総務本省,電波利用料財源電波監視等実施費,709,⑧技術的独占対抗,80%,567,142,維持（縮小）,⑧電波は自然独占的資源。割り当て・監視は政府機能だが補助は不要。
総務省,総務本省,特定高周波数無線局開設価額競争落札金財源特定高周波数対策費,4,①法秩序維持,30%,1,3,縮小,地方行財政・行政評価等はフリードマン範囲外。①行政管理の最小限のみ。
総務省,総務本省,情報通信国際戦略推進費,17,①法秩序維持,30%,5,12,縮小,地方行財政・行政評価等はフリードマン範囲外。①行政管理の最小限のみ。
総務省,総務本省,郵政行政推進費,12,①法秩序維持,30%,4,8,縮小,地方行財政・行政評価等はフリードマン範囲外。①行政管理の最小限のみ。
総務省,総務本省,一般戦災死没者追悼等事業費,5,①法秩序維持,30%,2,3,縮小,地方行財政・行政評価等はフリードマン範囲外。①行政管理の最小限のみ。
総務省,総務本省,恩給費,432,⑤契約履行強制,100%,432,0,維持（時限的）,⑤政府との契約（旧軍人・旧公務員への恩給）は履行義務あり。受給者減少で漸減。
総務省,総務本省,統計調査費,348,①法秩序維持・⑨外部効果克服,60%,209,139,縮小,政府統計は公共財（市場が過少供給）として⑨正当化。ただし民間統計と重複部分は廃止。
総務省,総務本省,独立行政法人統計センター運営費,107,①法秩序維持・⑨外部効果克服,60%,64,43,縮小,政府統計は公共財（市場が過少供給）として⑨正当化。ただし民間統計と重複部分は廃止。
総務省,総務本省,政党助成費,316,該当なし,0%,0,316,廃止,政党への公費助成はフリードマン範囲外。政治活動は自力で資金調達。
総務省,総務本省,国有提供施設等所在市町村助成交付金,307,①法秩序維持,30%,92,215,縮小,地方行財政・行政評価等はフリードマン範囲外。①行政管理の最小限のみ。
総務省,総務本省,施設等所在市町村調整交付金,78,①法秩序維持,30%,23,55,縮小,地方行財政・行政評価等はフリードマン範囲外。①行政管理の最小限のみ。
総務省,管区行政評価局,管区行政評価局共通費,68,①法秩序維持,30%,20,48,縮小,地方行財政・行政評価等はフリードマン範囲外。①行政管理の最小限のみ。
総務省,管区行政評価局,行政評価等実施費,8,①法秩序維持,30%,2,6,縮小,地方行財政・行政評価等はフリードマン範囲外。①行政管理の最小限のみ。
総務省,総合通信局,総合通信局共通費,82,①法秩序維持,30%,25,57,縮小,地方行財政・行政評価等はフリードマン範囲外。①行政管理の最小限のみ。
総務省,総合通信局,情報通信技術高度利活用等推進費,0,①法秩序維持,30%,0,0,縮小,地方行財政・行政評価等はフリードマン範囲外。①行政管理の最小限のみ。
総務省,総合通信局,電波利用料財源電波監視等実施費,36,⑧技術的独占対抗,80%,29,7,維持（縮小）,⑧電波は自然独占的資源。割り当て・監視は政府機能だが補助は不要。
総務省,公害等調整委員会,公害等調整委員会,6,①法秩序維持,30%,2,4,縮小,地方行財政・行政評価等はフリードマン範囲外。①行政管理の最小限のみ。
総務省,消防庁,消防庁共通費,24,①法秩序維持,30%,7,17,縮小,地方行財政・行政評価等はフリードマン範囲外。①行政管理の最小限のみ。
総務省,消防庁,消防防災体制等整備費,96,①法秩序維持,30%,29,67,縮小,地方行財政・行政評価等はフリードマン範囲外。①行政管理の最小限のみ。
法務省,法務本省,法務本省共通費,1346,①法秩序維持・②財産権規定・④裁定・⑤契約履行強制,100%,1346,0,維持,①②④⑤法務・検察・矯正・登記は政府の核心機能。
法務省,法務本省,基本法制整備費,1,①法秩序維持・②財産権規定・④裁定・⑤契約履行強制,100%,1,0,維持,①②④⑤法務・検察・矯正・登記は政府の核心機能。
法務省,法務本省,司法制度改革推進費,180,①法秩序維持・②財産権規定・④裁定・⑤契約履行強制,100%,180,0,維持,①②④⑤法務・検察・矯正・登記は政府の核心機能。
法務省,法務本省,日本司法支援センター運営費,165,①法秩序維持・②財産権規定・④裁定・⑤契約履行強制,100%,165,0,維持,①②④⑤法務・検察・矯正・登記は政府の核心機能。
法務省,法務本省,再犯防止等企画調整推進費,0,①法秩序維持・②財産権規定・④裁定・⑤契約履行強制,100%,0,0,維持,①②④⑤法務・検察・矯正・登記は政府の核心機能。
法務省,法務本省,検察企画調整費,1,①法秩序維持・②財産権規定・④裁定・⑤契約履行強制,100%,1,0,維持,①②④⑤法務・検察・矯正・登記は政府の核心機能。
法務省,法務本省,矯正企画調整費,2,①法秩序維持・②財産権規定・④裁定・⑤契約履行強制,100%,2,0,維持,①②④⑤法務・検察・矯正・登記は政府の核心機能。
法務省,法務本省,更生保護企画調整推進費,1,①法秩序維持・②財産権規定・④裁定・⑤契約履行強制,100%,1,0,維持,①②④⑤法務・検察・矯正・登記は政府の核心機能。
法務省,法務本省,債権管理回収業審査監督費,0,①法秩序維持・②財産権規定・④裁定・⑤契約履行強制,100%,0,0,維持,①②④⑤法務・検察・矯正・登記は政府の核心機能。
法務省,法務本省,人権擁護推進費,11,①法秩序維持・②財産権規定・④裁定・⑤契約履行強制,100%,11,0,維持,①②④⑤法務・検察・矯正・登記は政府の核心機能。
法務省,法務本省,訟務費,17,①法秩序維持・②財産権規定・④裁定・⑤契約履行強制,100%,17,0,維持,①②④⑤法務・検察・矯正・登記は政府の核心機能。
法務省,法務本省,法務省施設費,198,①法秩序維持・②財産権規定・④裁定・⑤契約履行強制,100%,198,0,維持,①②④⑤法務・検察・矯正・登記は政府の核心機能。
法務省,法務本省,法務行政情報化推進費,4,①法秩序維持・②財産権規定・④裁定・⑤契約履行強制,100%,4,0,維持,①②④⑤法務・検察・矯正・登記は政府の核心機能。
法務省,法務総合研究所,法務総合研究所共通費,19,①法秩序維持・②財産権規定・④裁定・⑤契約履行強制,100%,19,0,維持,①②④⑤法務・検察・矯正・登記は政府の核心機能。
法務省,法務総合研究所,法務調査研究費,0,①法秩序維持・②財産権規定・④裁定・⑤契約履行強制,100%,0,0,維持,①②④⑤法務・検察・矯正・登記は政府の核心機能。
法務省,法務総合研究所,国際協力推進費,3,①法秩序維持・②財産権規定・④裁定・⑤契約履行強制,100%,3,0,維持,①②④⑤法務・検察・矯正・登記は政府の核心機能。
法務省,検察庁,検察官署共通費,1144,①法秩序維持・②財産権規定・④裁定・⑤契約履行強制,100%,1144,0,維持,①②④⑤法務・検察・矯正・登記は政府の核心機能。
法務省,検察庁,検察費,52,①法秩序維持・②財産権規定・④裁定・⑤契約履行強制,100%,52,0,維持,①②④⑤法務・検察・矯正・登記は政府の核心機能。
法務省,検察庁,検察運営費,19,①法秩序維持・②財産権規定・④裁定・⑤契約履行強制,100%,19,0,維持,①②④⑤法務・検察・矯正・登記は政府の核心機能。
法務省,矯正官署,矯正官署共通費,1835,①法秩序維持・②財産権規定・④裁定・⑤契約履行強制,100%,1835,0,維持,①②④⑤法務・検察・矯正・登記は政府の核心機能。
法務省,矯正官署,矯正管理業務費,64,①法秩序維持・②財産権規定・④裁定・⑤契約履行強制,100%,64,0,維持,①②④⑤法務・検察・矯正・登記は政府の核心機能。
法務省,矯正官署,矯正収容費,485,①法秩序維持・②財産権規定・④裁定・⑤契約履行強制,100%,485,0,維持,①②④⑤法務・検察・矯正・登記は政府の核心機能。
法務省,矯正官署,矯正施設民間開放推進費,146,①法秩序維持・②財産権規定・④裁定・⑤契約履行強制,100%,146,0,維持,①②④⑤法務・検察・矯正・登記は政府の核心機能。
法務省,更生保護官署,更生保護官署共通費,158,①法秩序維持・②財産権規定・④裁定・⑤契約履行強制,100%,158,0,維持,①②④⑤法務・検察・矯正・登記は政府の核心機能。
法務省,更生保護官署,更生保護活動費,131,①法秩序維持・②財産権規定・④裁定・⑤契約履行強制,100%,131,0,維持,①②④⑤法務・検察・矯正・登記は政府の核心機能。
法務省,法務局,法務局共通費,730,①法秩序維持・②財産権規定・④裁定・⑤契約履行強制,100%,730,0,維持,①②④⑤法務・検察・矯正・登記は政府の核心機能。
法務省,法務局,登記事務処理費,246,①法秩序維持・②財産権規定・④裁定・⑤契約履行強制,100%,246,0,維持,①②④⑤法務・検察・矯正・登記は政府の核心機能。
法務省,法務局,国籍等事務処理費,9,①法秩序維持・②財産権規定・④裁定・⑤契約履行強制,100%,9,0,維持,①②④⑤法務・検察・矯正・登記は政府の核心機能。
法務省,法務局,人権擁護活動費,23,①法秩序維持・②財産権規定・④裁定・⑤契約履行強制,100%,23,0,維持,①②④⑤法務・検察・矯正・登記は政府の核心機能。
法務省,出入国在留管理庁,出入国在留管理庁共通費,514,①法秩序維持,100%,514,0,維持,①国境管理は政府の基本機能。
法務省,出入国在留管理庁,出入国管理企画調整推進費,59,①法秩序維持・②財産権規定・④裁定・⑤契約履行強制,100%,59,0,維持,①②④⑤法務・検察・矯正・登記は政府の核心機能。
法務省,出入国在留管理庁,出入国管理業務費,135,①法秩序維持・②財産権規定・④裁定・⑤契約履行強制,100%,135,0,維持,①②④⑤法務・検察・矯正・登記は政府の核心機能。
法務省,公安審査委員会,公安審査委員会,1,①法秩序維持・②財産権規定・④裁定・⑤契約履行強制,100%,1,0,維持,①②④⑤法務・検察・矯正・登記は政府の核心機能。
法務省,公安調査庁,公安調査庁共通費,154,①法秩序維持,100%,154,0,維持,①安全保障・治安情報収集。
法務省,公安調査庁,破壊的団体等調査費,27,①法秩序維持・②財産権規定・④裁定・⑤契約履行強制,100%,27,0,維持,①②④⑤法務・検察・矯正・登記は政府の核心機能。
外務省,外務本省,外務本省共通費,784,①法秩序維持,50%,392,392,縮小,①外交・安全保障機能は維持。経済援助・文化外交は廃止。
外務省,外務本省,外務本省施設費,10,①法秩序維持,50%,5,5,縮小,①外交・安全保障機能は維持。経済援助・文化外交は廃止。
外務省,外務本省,地域別外交費,62,①法秩序維持,50%,31,31,縮小,①外交・安全保障機能は維持。経済援助・文化外交は廃止。
外務省,外務本省,分野別外交費,1221,①法秩序維持,70%,855,366,縮小,①安全保障外交・条約交渉は政府の核心機能。経済外交・援助外交は廃止。
外務省,外務本省,広報文化交流及報道対策費,121,①法秩序維持,50%,60,61,縮小,①外交・安全保障機能は維持。経済援助・文化外交は廃止。
外務省,外務本省,独立行政法人国際交流基金運営費,123,該当なし,20%,25,98,廃止（民間化）,文化外交は民間が担う。最小限の公的広報のみ残存。
外務省,外務本省,領事政策費,129,①法秩序維持,50%,64,65,縮小,①外交・安全保障機能は維持。経済援助・文化外交は廃止。
外務省,外務本省,経済協力費,1779,該当なし,0%,0,1779,廃止（ODA廃止）,フリードマンはODAに反対（市場を歪め、現地政府の腐敗を助長）。
外務省,外務本省,独立行政法人国際協力機構運営費,1481,該当なし,0%,0,1481,廃止,JICA廃止。民間NGO・市場投資が代替。
外務省,外務本省,独立行政法人国際協力機構施設整備費,20,該当なし,0%,0,20,廃止,JICA廃止。民間NGO・市場投資が代替。
外務省,在外公館,在外公館共通費,1887,①法秩序維持,70%,1321,566,縮小,①外交機能・在外邦人保護は維持。ただし経済協力関連人員は削減。
外務省,在外公館,在外公館施設費,39,①法秩序維持,70%,27,12,縮小,①外交機能・在外邦人保護は維持。ただし経済協力関連人員は削減。
外務省,在外公館,地域別外交費,8,①法秩序維持,50%,4,4,縮小,①外交・安全保障機能は維持。経済援助・文化外交は廃止。
外務省,在外公館,分野別外交費,5,①法秩序維持,70%,4,1,縮小,①安全保障外交・条約交渉は政府の核心機能。経済外交・援助外交は廃止。
外務省,在外公館,広報文化交流及報道対策費,20,①法秩序維持,50%,10,10,縮小,①外交・安全保障機能は維持。経済援助・文化外交は廃止。
外務省,在外公館,領事政策費,62,①法秩序維持,50%,31,31,縮小,①外交・安全保障機能は維持。経済援助・文化外交は廃止。
外務省,在外公館,経済協力費,13,該当なし,0%,0,13,廃止（ODA廃止）,フリードマンはODAに反対（市場を歪め、現地政府の腐敗を助長）。
財務省,財務本省,財務本省共通費,1987,⑦貨幣制度,80%,1590,397,維持（縮小）,⑦貨幣・財政管理・徴税は必須機能。ただし政府縮小で徴税規模は縮小。
財務省,財務本省,財務本省施設費,1,⑦貨幣制度,80%,1,0,維持（縮小）,⑦貨幣・財政管理・徴税は必須機能。ただし政府縮小で徴税規模は縮小。
財務省,財務本省,財政健全化推進費,9,⑦貨幣制度,80%,7,2,維持（縮小）,⑦貨幣・財政管理・徴税は必須機能。ただし政府縮小で徴税規模は縮小。
財務省,財務本省,税制企画立案費,2,⑦貨幣制度,80%,2,0,維持（縮小）,⑦貨幣・財政管理・徴税は必須機能。ただし政府縮小で徴税規模は縮小。
財務省,財務本省,資産債務管理費,1,⑦貨幣制度,80%,1,0,維持（縮小）,⑦貨幣・財政管理・徴税は必須機能。ただし政府縮小で徴税規模は縮小。
財務省,財務本省,国債費,312758,⑤契約履行強制,100%,312758,0,維持（削減不可）,⑤契約の履行強制。既発債の償還・利払いは法的義務。財政縮小後は漸減。
財務省,財務本省,公務員宿舎施設費,69,⑦貨幣制度,80%,55,14,維持（縮小）,⑦貨幣・財政管理・徴税は必須機能。ただし政府縮小で徴税規模は縮小。
財務省,財務本省,特定国有財産整備費,63,⑦貨幣制度,80%,50,13,維持（縮小）,⑦貨幣・財政管理・徴税は必須機能。ただし政府縮小で徴税規模は縮小。
財務省,財務本省,特定国有財産整備諸費,5,⑦貨幣制度,80%,4,1,維持（縮小）,⑦貨幣・財政管理・徴税は必須機能。ただし政府縮小で徴税規模は縮小。
財務省,財務本省,貨幣製造及信用秩序制度等企画立案費,175,⑦貨幣制度,80%,140,35,維持（縮小）,⑦貨幣・財政管理・徴税は必須機能。ただし政府縮小で徴税規模は縮小。
財務省,財務本省,関税制度等企画立案費,11,⑦貨幣制度,80%,9,2,維持（縮小）,⑦貨幣・財政管理・徴税は必須機能。ただし政府縮小で徴税規模は縮小。
財務省,財務本省,経済協力費,870,該当なし,0%,0,870,廃止,ODA・経済協力は廃止（外務省分と同じ理由）。
財務省,財務本省,政策金融費,600,該当なし,0%,0,600,廃止,政策金融は民間信用市場を歪める。政策金融公庫等の廃止。
財務省,財務本省,国家公務員共済組合連合会等助成費,845,該当なし,0%,0,845,廃止,公務員も民間保険に移行。公務員特権的共済制度は廃止。
財務省,財務本省,復興事業費等東日本大震災復興特別会計へ繰入,688,該当なし,0%,0,688,廃止（東日本大震災復興特会は別途検討）,復興補助は民間保険・市場で代替。ただし既存の特会は経過措置として扱う。
財務省,財務本省,予備費,10000,①法秩序維持,30%,3000,7000,大幅削減,予備費は政府縮小後も一定額必要だが、政府規模に応じて削減。
財務省,財務局,財務局共通費,448,⑦貨幣制度,80%,358,90,維持（縮小）,⑦貨幣・財政管理・徴税は必須機能。ただし政府縮小で徴税規模は縮小。
財務省,財務局,財務局施設費,2,⑦貨幣制度,80%,2,0,維持（縮小）,⑦貨幣・財政管理・徴税は必須機能。ただし政府縮小で徴税規模は縮小。
財務省,財務局,財務局業務費,142,⑦貨幣制度,80%,114,28,維持（縮小）,⑦貨幣・財政管理・徴税は必須機能。ただし政府縮小で徴税規模は縮小。
財務省,税関,税関共通費,828,⑦貨幣制度,80%,662,166,維持（縮小）,⑦貨幣・財政管理・徴税は必須機能。ただし政府縮小で徴税規模は縮小。
財務省,税関,税関施設費,13,⑦貨幣制度,80%,10,3,維持（縮小）,⑦貨幣・財政管理・徴税は必須機能。ただし政府縮小で徴税規模は縮小。
財務省,税関,税関業務費,206,⑦貨幣制度,80%,165,41,維持（縮小）,⑦貨幣・財政管理・徴税は必須機能。ただし政府縮小で徴税規模は縮小。
財務省,税関,船舶建造費,4,⑦貨幣制度,80%,3,1,維持（縮小）,⑦貨幣・財政管理・徴税は必須機能。ただし政府縮小で徴税規模は縮小。
財務省,国税庁,国税庁共通費,5676,⑦貨幣制度,80%,4541,1135,維持（縮小）,⑦貨幣・財政管理・徴税は必須機能。ただし政府縮小で徴税規模は縮小。
財務省,国税庁,国税庁施設費,26,⑦貨幣制度,80%,21,5,維持（縮小）,⑦貨幣・財政管理・徴税は必須機能。ただし政府縮小で徴税規模は縮小。
財務省,国税庁,税務業務費,627,⑦貨幣制度,80%,502,125,維持（縮小）,⑦貨幣・財政管理・徴税は必須機能。ただし政府縮小で徴税規模は縮小。
財務省,国税庁,国税不服審判所,50,⑦貨幣制度,80%,40,10,維持（縮小）,⑦貨幣・財政管理・徴税は必須機能。ただし政府縮小で徴税規模は縮小。
財務省,国税庁,独立行政法人酒類総合研究所運営費,10,⑦貨幣制度,80%,8,2,維持（縮小）,⑦貨幣・財政管理・徴税は必須機能。ただし政府縮小で徴税規模は縮小。
文部科学省,文部科学本省,文部科学本省共通費,961,該当なし,5%,48,913,廃止・民間移行,フリードマン範囲外の文教行政は廃止。
文部科学省,文部科学本省,教育政策推進費,2092,該当なし,5%,105,1987,廃止・民間移行,フリードマン範囲外の文教行政は廃止。
文部科学省,文部科学本省,独立行政法人国立青少年教育振興機構運営費,77,該当なし,5%,4,73,廃止・民間移行,フリードマン範囲外の文教行政は廃止。
文部科学省,文部科学本省,初等中等教育振興費,7116,⑩責任能力なき者保護,30%,2135,4981,大幅縮小,バウチャー化移行期の最小管理費のみ。
文部科学省,文部科学本省,独立行政法人教職員支援機構運営費,12,該当なし,5%,1,11,廃止・民間移行,フリードマン範囲外の文教行政は廃止。
文部科学省,文部科学本省,独立行政法人国立特別支援教育総合研究所運営費,11,該当なし,5%,1,10,廃止・民間移行,フリードマン範囲外の文教行政は廃止。
文部科学省,文部科学本省,義務教育費国庫負担金,17118,⑩責任能力なき者保護,70%,11983,5135,縮小（バウチャー化移行）,フリードマンは教育バウチャー制を提唱。国庫負担金はバウチャー予算に組み替え。
文部科学省,文部科学本省,高等教育振興費,241,該当なし,5%,12,229,廃止・民間移行,フリードマン範囲外の文教行政は廃止。
文部科学省,文部科学本省,独立行政法人大学改革支援・学位授与機構運営費,18,該当なし,5%,1,17,廃止・民間移行,フリードマン範囲外の文教行政は廃止。
文部科学省,文部科学本省,独立行政法人国立高等専門学校機構運営費,631,該当なし,5%,32,599,廃止・民間移行,フリードマン範囲外の文教行政は廃止。
文部科学省,文部科学本省,独立行政法人国立高等専門学校機構施設整備費,25,該当なし,5%,1,24,廃止・民間移行,フリードマン範囲外の文教行政は廃止。
文部科学省,文部科学本省,育英事業費,1048,該当なし,5%,52,996,廃止・民間移行,フリードマン範囲外の文教行政は廃止。
文部科学省,文部科学本省,私立学校振興費,5653,該当なし,0%,0,5653,廃止,特定産業への補助に相当。市場原理で自立すべき。
文部科学省,文部科学本省,科学技術・学術政策推進費,11,該当なし,5%,1,10,廃止・民間移行,フリードマン範囲外の文教行政は廃止。
文部科学省,文部科学本省,研究振興費,3127,⑨外部効果克服,30%,938,2189,大幅縮小,⑨基礎研究には外部効果あり（知識の公共財性）。ただし応用研究・産業政策的な補助は廃止。
文部科学省,文部科学本省,国立大学法人施設整備費,353,該当なし,0%,0,353,廃止,民営化後は自己調達。
文部科学省,文部科学本省,国立大学法人運営費,10971,該当なし,0%,0,10971,廃止（民営化）,高等教育への補助はフリードマン否定。国立大学は授業料で自立、または民営化。
文部科学省,文部科学本省,独立行政法人日本学術振興会運営費,271,該当なし,5%,14,257,廃止・民間移行,フリードマン範囲外の文教行政は廃止。
文部科学省,文部科学本省,研究開発推進費,1168,⑨外部効果克服,30%,350,818,大幅縮小,同上。基礎科学のみ正当化。
文部科学省,文部科学本省,国立研究開発法人物質・材料研究機構運営費,145,⑨外部効果克服,20%,29,116,大幅縮小（民営化・統合）,⑨基礎研究の外部効果部分のみ。産業応用・競争的研究は民間へ。
文部科学省,文部科学本省,国立研究開発法人日本医療研究開発機構運営費,67,⑨外部効果克服,20%,13,54,大幅縮小（民営化・統合）,⑨基礎研究の外部効果部分のみ。産業応用・競争的研究は民間へ。
文部科学省,文部科学本省,国立研究開発法人科学技術振興機構運営費,1010,⑨外部効果克服,20%,202,808,大幅縮小（民営化・統合）,⑨基礎研究の外部効果部分のみ。産業応用・競争的研究は民間へ。
文部科学省,文部科学本省,国立研究開発法人科学技術振興機構施設整備費,1,⑨外部効果克服,20%,0,1,大幅縮小（民営化・統合）,⑨基礎研究の外部効果部分のみ。産業応用・競争的研究は民間へ。
文部科学省,文部科学本省,国立研究開発法人理化学研究所運営費,588,⑨外部効果克服,20%,118,470,大幅縮小（民営化・統合）,⑨基礎研究の外部効果部分のみ。産業応用・競争的研究は民間へ。
文部科学省,文部科学本省,国立研究開発法人量子科学技術研究開発機構運営費,219,⑨外部効果克服,20%,44,175,大幅縮小（民営化・統合）,⑨基礎研究の外部効果部分のみ。産業応用・競争的研究は民間へ。
文部科学省,文部科学本省,国立研究開発法人量子科学技術研究開発機構施設整備費,6,⑨外部効果克服,20%,1,5,大幅縮小（民営化・統合）,⑨基礎研究の外部効果部分のみ。産業応用・競争的研究は民間へ。
文部科学省,文部科学本省,国立研究開発法人防災科学技術研究所運営費,82,⑨外部効果克服,20%,16,66,大幅縮小（民営化・統合）,⑨基礎研究の外部効果部分のみ。産業応用・競争的研究は民間へ。
文部科学省,文部科学本省,南極地域観測事業費,59,該当なし,5%,3,56,廃止・民間移行,フリードマン範囲外の文教行政は廃止。
文部科学省,文部科学本省,電源開発促進税財源電源立地対策及電源利用対策費エネルギー対策特別会計へ繰入,1079,⑨外部効果克服,30%,324,755,縮小,⑨原子力安全規制分のみ。エネルギー補助は廃止。
文部科学省,文部科学本省,国立研究開発法人海洋研究開発機構運営費,302,⑨外部効果克服,20%,60,242,大幅縮小（民営化・統合）,⑨基礎研究の外部効果部分のみ。産業応用・競争的研究は民間へ。
文部科学省,文部科学本省,国立研究開発法人海洋研究開発機構船舶建造費,30,⑨外部効果克服,20%,6,24,大幅縮小（民営化・統合）,⑨基礎研究の外部効果部分のみ。産業応用・競争的研究は民間へ。
文部科学省,文部科学本省,国立研究開発法人宇宙航空研究開発機構運営費,1270,①法秩序維持・⑨外部効果克服,50%,635,635,縮小,①安全保障・⑨宇宙の外部効果（GPS・気象観測）は一定正当化。商業宇宙は民間へ。
文部科学省,文部科学本省,国立研究開発法人宇宙航空研究開発機構施設整備費,65,①法秩序維持・⑨外部効果克服,50%,32,33,縮小,①安全保障・⑨宇宙の外部効果（GPS・気象観測）は一定正当化。商業宇宙は民間へ。
文部科学省,文部科学本省,国立研究開発法人日本原子力研究開発機構運営費,365,⑨外部効果克服,20%,73,292,大幅縮小（民営化・統合）,⑨基礎研究の外部効果部分のみ。産業応用・競争的研究は民間へ。
文部科学省,文部科学本省,公立文教施設整備費,682,該当なし,5%,34,648,廃止・民間移行,フリードマン範囲外の文教行政は廃止。
文部科学省,文部科学本省,文化振興費,10,該当なし,5%,0,10,廃止・民間移行,フリードマン範囲外の文教行政は廃止。
文部科学省,文部科学本省,国際交流・協力推進費,304,該当なし,5%,15,289,廃止・民間移行,フリードマン範囲外の文教行政は廃止。
文部科学省,文部科学本省,独立行政法人日本学生支援機構運営費,167,該当なし,5%,8,159,廃止・民間移行,フリードマン範囲外の文教行政は廃止。
文部科学省,文部科学本省所轄機関,国立教育政策研究所,28,該当なし,5%,1,27,廃止・民間移行,フリードマン範囲外の文教行政は廃止。
文部科学省,文部科学本省所轄機関,科学技術・学術政策研究所,9,該当なし,5%,0,9,廃止・民間移行,フリードマン範囲外の文教行政は廃止。
文部科学省,文部科学本省所轄機関,日本学士院,7,該当なし,5%,0,7,廃止・民間移行,フリードマン範囲外の文教行政は廃止。
文部科学省,スポーツ庁,スポーツ庁共通費,13,該当なし,5%,1,12,廃止・民間移行,フリードマン範囲外の文教行政は廃止。
文部科学省,スポーツ庁,初等中等教育振興費,0,⑩責任能力なき者保護,30%,0,0,大幅縮小,バウチャー化移行期の最小管理費のみ。
文部科学省,スポーツ庁,私立学校振興費,1,該当なし,0%,0,1,廃止,特定産業への補助に相当。市場原理で自立すべき。
文部科学省,スポーツ庁,スポーツ振興費,135,該当なし,5%,7,128,廃止・民間移行,フリードマン範囲外の文教行政は廃止。
文部科学省,スポーツ庁,独立行政法人日本スポーツ振興センター運営費,191,該当なし,5%,10,181,廃止・民間移行,フリードマン範囲外の文教行政は廃止。
文部科学省,文化庁,文化庁共通費,40,該当なし,5%,2,38,廃止・民間移行,フリードマン範囲外の文教行政は廃止。
文部科学省,文化庁,文化庁施設費,2,該当なし,5%,0,2,廃止・民間移行,フリードマン範囲外の文教行政は廃止。
文部科学省,文化庁,文化振興費,238,該当なし,5%,12,226,廃止・民間移行,フリードマン範囲外の文教行政は廃止。
文部科学省,文化庁,文化財保存事業費,424,該当なし,5%,21,403,廃止・民間移行,フリードマン範囲外の文教行政は廃止。
文部科学省,文化庁,文化財保存施設整備費,5,該当なし,5%,0,5,廃止・民間移行,フリードマン範囲外の文教行政は廃止。
文部科学省,文化庁,文化振興基盤整備費,21,該当なし,5%,1,20,廃止・民間移行,フリードマン範囲外の文教行政は廃止。
文部科学省,文化庁,日本芸術院,6,該当なし,5%,0,6,廃止・民間移行,フリードマン範囲外の文教行政は廃止。
文部科学省,文化庁,独立行政法人国立科学博物館運営費,29,該当なし,5%,1,28,廃止・民間移行,フリードマン範囲外の文教行政は廃止。
文部科学省,文化庁,独立行政法人日本芸術文化振興会運営費,119,該当なし,5%,6,113,廃止・民間移行,フリードマン範囲外の文教行政は廃止。
文部科学省,文化庁,独立行政法人国立文化財機構運営費,99,該当なし,5%,5,94,廃止・民間移行,フリードマン範囲外の文教行政は廃止。
文部科学省,文化庁,独立行政法人国立美術館運営費,85,該当なし,5%,4,81,廃止・民間移行,フリードマン範囲外の文教行政は廃止。
文部科学省,文化庁,独立行政法人国立美術館施設整備費,3,該当なし,5%,0,3,廃止・民間移行,フリードマン範囲外の文教行政は廃止。
厚生労働省,厚生労働本省,厚生労働本省共通費,1067,⑩責任能力なき者保護,20%,213,854,大幅縮小,フリードマン範囲外の社会保障事業は原則廃止。⑩の最小限のみ。
厚生労働省,厚生労働本省,厚生労働本省施設費,1,⑩責任能力なき者保護,20%,0,1,大幅縮小,フリードマン範囲外の社会保障事業は原則廃止。⑩の最小限のみ。
厚生労働省,厚生労働本省,医療提供体制確保対策費,282,⑨外部効果克服,30%,85,197,縮小,⑨医療の外部効果部分（感染症・公衆衛生）のみ。個別医療サービスの補助は廃止。
厚生労働省,厚生労働本省,医療従事者等確保対策費,7,⑩責任能力なき者保護,20%,1,6,大幅縮小,フリードマン範囲外の社会保障事業は原則廃止。⑩の最小限のみ。
厚生労働省,厚生労働本省,医療従事者資質向上対策費,0,⑩責任能力なき者保護,20%,0,0,大幅縮小,フリードマン範囲外の社会保障事業は原則廃止。⑩の最小限のみ。
厚生労働省,厚生労働本省,医療情報化等推進費,16,⑩責任能力なき者保護,20%,3,13,大幅縮小,フリードマン範囲外の社会保障事業は原則廃止。⑩の最小限のみ。
厚生労働省,厚生労働本省,医療安全確保推進費,13,⑩責任能力なき者保護,20%,3,10,大幅縮小,フリードマン範囲外の社会保障事業は原則廃止。⑩の最小限のみ。
厚生労働省,厚生労働本省,国立研究開発法人国立がん研究センター運営費,66,⑩責任能力なき者保護,20%,13,53,大幅縮小,フリードマン範囲外の社会保障事業は原則廃止。⑩の最小限のみ。
厚生労働省,厚生労働本省,国立研究開発法人国立循環器病研究センター運営費,42,⑩責任能力なき者保護,20%,8,34,大幅縮小,フリードマン範囲外の社会保障事業は原則廃止。⑩の最小限のみ。
厚生労働省,厚生労働本省,国立研究開発法人国立精神・神経医療研究センター運営費,43,⑩責任能力なき者保護,20%,9,34,大幅縮小,フリードマン範囲外の社会保障事業は原則廃止。⑩の最小限のみ。
厚生労働省,厚生労働本省,国立研究開発法人国立精神・神経医療研究センター施設整備費,1,⑩責任能力なき者保護,20%,0,1,大幅縮小,フリードマン範囲外の社会保障事業は原則廃止。⑩の最小限のみ。
厚生労働省,厚生労働本省,国立研究開発法人国立成育医療研究センター運営費,49,⑩責任能力なき者保護,20%,10,39,大幅縮小,フリードマン範囲外の社会保障事業は原則廃止。⑩の最小限のみ。
厚生労働省,厚生労働本省,国立研究開発法人国立成育医療研究センター施設整備費,17,⑩責任能力なき者保護,20%,3,14,大幅縮小,フリードマン範囲外の社会保障事業は原則廃止。⑩の最小限のみ。
厚生労働省,厚生労働本省,国立研究開発法人国立長寿医療研究センター運営費,31,⑩責任能力なき者保護,20%,6,25,大幅縮小,フリードマン範囲外の社会保障事業は原則廃止。⑩の最小限のみ。
厚生労働省,厚生労働本省,国立研究開発法人国立長寿医療研究センター施設整備費,3,⑩責任能力なき者保護,20%,1,2,大幅縮小,フリードマン範囲外の社会保障事業は原則廃止。⑩の最小限のみ。
厚生労働省,厚生労働本省,感染症対策費,971,⑨外部効果克服,80%,777,194,維持（縮小）,⑨感染症は典型的な外部効果（負の外部性）。強制隔離・検疫・情報収集は政府の正当機能。
厚生労働省,厚生労働本省,国立健康危機管理研究機構運営費,177,⑩責任能力なき者保護,20%,35,142,大幅縮小,フリードマン範囲外の社会保障事業は原則廃止。⑩の最小限のみ。
厚生労働省,厚生労働本省,特定疾患等対策費,1644,⑨外部効果克服・⑩責任能力なき者保護,50%,822,822,縮小,難病・指定疾患は⑨⑩として一部正当化。希少疾患研究は民間に任せる部分も大。
厚生労働省,厚生労働本省,移植医療推進費,38,⑩責任能力なき者保護,20%,8,30,大幅縮小,フリードマン範囲外の社会保障事業は原則廃止。⑩の最小限のみ。
厚生労働省,厚生労働本省,原爆被爆者等援護対策費,1025,⑤契約履行強制・⑩責任能力なき者保護,100%,1025,0,維持（時限的）,⑤政府行為による被害への責任。受給者の自然減に伴い漸減。
厚生労働省,厚生労働本省,医薬品承認審査等推進費,12,⑩責任能力なき者保護,20%,2,10,大幅縮小,フリードマン範囲外の社会保障事業は原則廃止。⑩の最小限のみ。
厚生労働省,厚生労働本省,医薬品安全対策等推進費,10,⑩責任能力なき者保護,20%,2,8,大幅縮小,フリードマン範囲外の社会保障事業は原則廃止。⑩の最小限のみ。
厚生労働省,厚生労働本省,医薬品適正使用推進費,1,⑩責任能力なき者保護,20%,0,1,大幅縮小,フリードマン範囲外の社会保障事業は原則廃止。⑩の最小限のみ。
厚生労働省,厚生労働本省,血液製剤対策費,7,⑩責任能力なき者保護,20%,1,6,大幅縮小,フリードマン範囲外の社会保障事業は原則廃止。⑩の最小限のみ。
厚生労働省,厚生労働本省,医療技術実用化等推進費,49,⑩責任能力なき者保護,20%,10,39,大幅縮小,フリードマン範囲外の社会保障事業は原則廃止。⑩の最小限のみ。
厚生労働省,厚生労働本省,医療提供体制基盤整備費,980,⑨外部効果克服,30%,294,686,縮小,⑨医療の外部効果部分（感染症・公衆衛生）のみ。個別医療サービスの補助は廃止。
厚生労働省,厚生労働本省,独立行政法人医薬品医療機器総合機構運営費,26,⑩責任能力なき者保護,20%,5,21,大幅縮小,フリードマン範囲外の社会保障事業は原則廃止。⑩の最小限のみ。
厚生労働省,厚生労働本省,医療保険給付諸費,108248,該当なし,0%,0,108248,廃止（民間医療保険へ）,フリードマンは強制医療保険に反対。貧困者の医療はNITの枠組みで対応。
厚生労働省,厚生労働本省,健康保険事業借入金諸費年金特別会計へ繰入,359,該当なし,0%,0,359,廃止,医療保険廃止に伴い不要。
厚生労働省,厚生労働本省,医療費適正化推進費,29,⑩責任能力なき者保護,20%,6,23,大幅縮小,フリードマン範囲外の社会保障事業は原則廃止。⑩の最小限のみ。
厚生労働省,厚生労働本省,地域保健対策費,28,⑩責任能力なき者保護,20%,6,22,大幅縮小,フリードマン範囲外の社会保障事業は原則廃止。⑩の最小限のみ。
厚生労働省,厚生労働本省,保健衛生施設整備費,37,⑩責任能力なき者保護,20%,7,30,大幅縮小,フリードマン範囲外の社会保障事業は原則廃止。⑩の最小限のみ。
厚生労働省,厚生労働本省,健康増進対策費,333,⑩責任能力なき者保護,20%,67,266,大幅縮小,フリードマン範囲外の社会保障事業は原則廃止。⑩の最小限のみ。
厚生労働省,厚生労働本省,健康危機管理推進費,7,⑩責任能力なき者保護,20%,1,6,大幅縮小,フリードマン範囲外の社会保障事業は原則廃止。⑩の最小限のみ。
厚生労働省,厚生労働本省,食品等安全確保対策費,8,⑩責任能力なき者保護,20%,2,6,大幅縮小,フリードマン範囲外の社会保障事業は原則廃止。⑩の最小限のみ。
厚生労働省,厚生労働本省,麻薬・覚醒剤等対策費,6,⑩責任能力なき者保護,20%,1,5,大幅縮小,フリードマン範囲外の社会保障事業は原則廃止。⑩の最小限のみ。
厚生労働省,厚生労働本省,化学物質安全対策費,3,⑩責任能力なき者保護,20%,1,2,大幅縮小,フリードマン範囲外の社会保障事業は原則廃止。⑩の最小限のみ。
厚生労働省,厚生労働本省,生活衛生対策費,42,⑩責任能力なき者保護,20%,8,34,大幅縮小,フリードマン範囲外の社会保障事業は原則廃止。⑩の最小限のみ。
厚生労働省,厚生労働本省,労働条件確保・改善対策費,2,⑩責任能力なき者保護,20%,0,2,大幅縮小,フリードマン範囲外の社会保障事業は原則廃止。⑩の最小限のみ。
厚生労働省,厚生労働本省,中小企業最低賃金引上げ支援対策費,21,⑩責任能力なき者保護,20%,4,17,大幅縮小,フリードマン範囲外の社会保障事業は原則廃止。⑩の最小限のみ。
厚生労働省,厚生労働本省,特定石綿被害建設業務労働者等給付金等支給諸費,2,⑩責任能力なき者保護,20%,0,2,大幅縮小,フリードマン範囲外の社会保障事業は原則廃止。⑩の最小限のみ。
厚生労働省,厚生労働本省,労働者災害補償保険保険給付費労働保険特別会計へ繰入,0,⑩責任能力なき者保護,20%,0,0,大幅縮小,フリードマン範囲外の社会保障事業は原則廃止。⑩の最小限のみ。
厚生労働省,厚生労働本省,職務上年金給付費年金特別会計へ繰入,0,⑩責任能力なき者保護,20%,0,0,大幅縮小,フリードマン範囲外の社会保障事業は原則廃止。⑩の最小限のみ。
厚生労働省,厚生労働本省,独立行政法人労働政策研究・研修機構運営費,3,⑩責任能力なき者保護,20%,1,2,大幅縮小,フリードマン範囲外の社会保障事業は原則廃止。⑩の最小限のみ。
厚生労働省,厚生労働本省,男女均等雇用対策費,1,⑩責任能力なき者保護,20%,0,1,大幅縮小,フリードマン範囲外の社会保障事業は原則廃止。⑩の最小限のみ。
厚生労働省,厚生労働本省,高齢者等雇用安定・促進費,87,⑩責任能力なき者保護,20%,17,70,大幅縮小,フリードマン範囲外の社会保障事業は原則廃止。⑩の最小限のみ。
厚生労働省,厚生労働本省,失業等給付費等労働保険特別会計へ繰入,230,該当なし,0%,0,230,廃止,強制雇用保険はフリードマン範囲外。失業者はNITで対応。
厚生労働省,厚生労働本省,育児休業給付費等子ども・子育て支援特別会計へ繰入,1113,該当なし,0%,0,1113,廃止,育児休業給付は企業・個人の問題。政府介入はフリードマン否定。
厚生労働省,厚生労働本省,就職支援法事業費労働保険特別会計へ繰入,47,⑩責任能力なき者保護,20%,9,38,大幅縮小,フリードマン範囲外の社会保障事業は原則廃止。⑩の最小限のみ。
厚生労働省,厚生労働本省,職業能力開発強化費,52,⑩責任能力なき者保護,20%,10,42,大幅縮小,フリードマン範囲外の社会保障事業は原則廃止。⑩の最小限のみ。
厚生労働省,厚生労働本省,若年者等職業能力開発支援費,1,⑩責任能力なき者保護,20%,0,1,大幅縮小,フリードマン範囲外の社会保障事業は原則廃止。⑩の最小限のみ。
厚生労働省,厚生労働本省,障害者等職業能力開発支援費,39,⑩責任能力なき者保護,20%,8,31,大幅縮小,フリードマン範囲外の社会保障事業は原則廃止。⑩の最小限のみ。
厚生労働省,厚生労働本省,独立行政法人高齢・障害・求職者雇用支援機構運営費,10,⑩責任能力なき者保護,20%,2,8,大幅縮小,フリードマン範囲外の社会保障事業は原則廃止。⑩の最小限のみ。
厚生労働省,厚生労働本省,生活保護等対策費,29513,⑩責任能力なき者保護,70%,20659,8854,縮小（NIT一本化後）,⑩フリードマンが支持する最後のセーフティネット。NIT統合後は管理費減少・給付額は水準次第。
厚生労働省,厚生労働本省,自殺対策費,41,⑩責任能力なき者保護,20%,8,33,大幅縮小,フリードマン範囲外の社会保障事業は原則廃止。⑩の最小限のみ。
厚生労働省,厚生労働本省,社会福祉諸費,160,⑩責任能力なき者保護,20%,32,128,大幅縮小,フリードマン範囲外の社会保障事業は原則廃止。⑩の最小限のみ。
厚生労働省,厚生労働本省,遺族及留守家族等援護費,40,⑩責任能力なき者保護,20%,8,32,大幅縮小,フリードマン範囲外の社会保障事業は原則廃止。⑩の最小限のみ。
厚生労働省,厚生労働本省,戦没者慰霊事業費,40,⑩責任能力なき者保護,20%,8,32,大幅縮小,フリードマン範囲外の社会保障事業は原則廃止。⑩の最小限のみ。
厚生労働省,厚生労働本省,中国残留邦人等支援事業費,11,⑩責任能力なき者保護,20%,2,9,大幅縮小,フリードマン範囲外の社会保障事業は原則廃止。⑩の最小限のみ。
厚生労働省,厚生労働本省,恩給進達等実施費,2,⑩責任能力なき者保護,20%,0,2,大幅縮小,フリードマン範囲外の社会保障事業は原則廃止。⑩の最小限のみ。
厚生労働省,厚生労働本省,独立行政法人国立重度知的障害者総合施設のぞみの園運営費,13,⑩責任能力なき者保護,20%,3,10,大幅縮小,フリードマン範囲外の社会保障事業は原則廃止。⑩の最小限のみ。
厚生労働省,厚生労働本省,特別障害給付金給付費年金特別会計へ繰入,22,⑩責任能力なき者保護,20%,4,18,大幅縮小,フリードマン範囲外の社会保障事業は原則廃止。⑩の最小限のみ。
厚生労働省,厚生労働本省,社会福祉施設整備費,44,⑩責任能力なき者保護,20%,9,35,大幅縮小,フリードマン範囲外の社会保障事業は原則廃止。⑩の最小限のみ。
厚生労働省,厚生労働本省,独立行政法人福祉医療機構運営費,32,⑩責任能力なき者保護,20%,6,26,大幅縮小,フリードマン範囲外の社会保障事業は原則廃止。⑩の最小限のみ。
厚生労働省,厚生労働本省,障害保健福祉費,24067,⑩責任能力なき者保護,70%,16847,7220,縮小（重度障害者保護を維持）,⑩責任能力・稼得能力のない重度障害者への保護は正当機能。軽度支援は民間・家族へ。
厚生労働省,厚生労働本省,公的年金制度等運営諸費,4785,該当なし,0%,0,4785,廃止,年金廃止に伴い運営機能も不要。
厚生労働省,厚生労働本省,基礎年金拠出金等年金特別会計へ繰入,133444,該当なし,0%,0,133444,廃止（NIT移行・経過措置あり）,フリードマンは強制年金に反対。NIT（ネガティブ所得税）で代替。現受給者への移行費用は別途計上。
厚生労働省,厚生労働本省,私的年金制度整備運営費,48,⑩責任能力なき者保護,20%,10,38,大幅縮小,フリードマン範囲外の社会保障事業は原則廃止。⑩の最小限のみ。
厚生労働省,厚生労働本省,高齢者日常生活支援等推進費,1856,⑩責任能力なき者保護,20%,371,1485,大幅縮小,同上。軽度は廃止、重度のみ⑩。
厚生労働省,厚生労働本省,介護保険制度運営推進費,35259,⑩責任能力なき者保護,20%,7052,28207,大幅縮小（民間・家族で対応不可の重度者のみ）,⑩重度要介護者への最低限保護。強制保険廃止、民間・家族介護を原則とし、対応不可能な場合のみ公費。
厚生労働省,厚生労働本省,業務取扱費年金特別会計へ繰入,1159,⑩責任能力なき者保護,20%,232,927,大幅縮小,フリードマン範囲外の社会保障事業は原則廃止。⑩の最小限のみ。
厚生労働省,厚生労働本省,国際機関活動推進費,178,⑩責任能力なき者保護,20%,36,142,大幅縮小,フリードマン範囲外の社会保障事業は原則廃止。⑩の最小限のみ。
厚生労働省,厚生労働本省,国際協力費,3,⑩責任能力なき者保護,20%,1,2,大幅縮小,フリードマン範囲外の社会保障事業は原則廃止。⑩の最小限のみ。
厚生労働省,厚生労働本省,厚生労働調査研究等推進費,606,⑩責任能力なき者保護,20%,121,485,大幅縮小,フリードマン範囲外の社会保障事業は原則廃止。⑩の最小限のみ。
厚生労働省,厚生労働本省,国立研究開発法人医薬基盤・健康・栄養研究所運営費,38,⑩責任能力なき者保護,20%,8,30,大幅縮小,フリードマン範囲外の社会保障事業は原則廃止。⑩の最小限のみ。
厚生労働省,厚生労働本省,国立研究開発法人医薬基盤・健康・栄養研究所施設整備費,2,⑩責任能力なき者保護,20%,0,2,大幅縮小,フリードマン範囲外の社会保障事業は原則廃止。⑩の最小限のみ。
厚生労働省,検疫所,検疫所共通費,109,⑨外部効果克服,100%,109,0,維持,⑨外部効果（感染症侵入阻止）。
厚生労働省,検疫所,検疫所施設費,1,⑨外部効果克服,100%,1,0,維持,⑨外部効果（感染症侵入阻止）。
厚生労働省,検疫所,検疫業務等実施費,20,⑨外部効果克服,100%,20,0,維持,⑨外部効果（感染症侵入阻止）。
厚生労働省,検疫所,輸入食品検査業務実施費,19,⑩責任能力なき者保護,20%,4,15,大幅縮小,フリードマン範囲外の社会保障事業は原則廃止。⑩の最小限のみ。
厚生労働省,国立ハンセン病療養所,国立ハンセン病療養所共通費,185,⑩責任能力なき者保護,20%,37,148,大幅縮小,フリードマン範囲外の社会保障事業は原則廃止。⑩の最小限のみ。
厚生労働省,国立ハンセン病療養所,国立ハンセン病療養所施設費,24,⑩責任能力なき者保護,20%,5,19,大幅縮小,フリードマン範囲外の社会保障事業は原則廃止。⑩の最小限のみ。
厚生労働省,国立ハンセン病療養所,国立ハンセン病療養所運営費,101,⑩責任能力なき者保護,20%,20,81,大幅縮小,フリードマン範囲外の社会保障事業は原則廃止。⑩の最小限のみ。
厚生労働省,厚生労働本省試験研究機関,厚生労働本省試験研究所共通費,44,⑩責任能力なき者保護,20%,9,35,大幅縮小,フリードマン範囲外の社会保障事業は原則廃止。⑩の最小限のみ。
厚生労働省,厚生労働本省試験研究機関,厚生労働本省試験研究所施設費,0,⑩責任能力なき者保護,20%,0,0,大幅縮小,フリードマン範囲外の社会保障事業は原則廃止。⑩の最小限のみ。
厚生労働省,厚生労働本省試験研究機関,血清等製造及検定費,0,⑩責任能力なき者保護,20%,0,0,大幅縮小,フリードマン範囲外の社会保障事業は原則廃止。⑩の最小限のみ。
厚生労働省,厚生労働本省試験研究機関,厚生労働本省試験研究所試験研究費,17,⑩責任能力なき者保護,20%,3,14,大幅縮小,フリードマン範囲外の社会保障事業は原則廃止。⑩の最小限のみ。
厚生労働省,国立障害者リハビリテーションセンター,国立障害者リハビリテーションセンター共通費,56,⑩責任能力なき者保護,20%,11,45,大幅縮小,フリードマン範囲外の社会保障事業は原則廃止。⑩の最小限のみ。
厚生労働省,国立障害者リハビリテーションセンター,国立障害者リハビリテーションセンター施設費,1,⑩責任能力なき者保護,20%,0,1,大幅縮小,フリードマン範囲外の社会保障事業は原則廃止。⑩の最小限のみ。
厚生労働省,国立障害者リハビリテーションセンター,国立障害者リハビリテーションセンター運営費,18,⑩責任能力なき者保護,20%,4,14,大幅縮小,フリードマン範囲外の社会保障事業は原則廃止。⑩の最小限のみ。
厚生労働省,地方厚生局,地方厚生局共通費,152,⑩責任能力なき者保護,20%,30,122,大幅縮小,フリードマン範囲外の社会保障事業は原則廃止。⑩の最小限のみ。
厚生労働省,地方厚生局,地方厚生局施設費,1,⑩責任能力なき者保護,20%,0,1,大幅縮小,フリードマン範囲外の社会保障事業は原則廃止。⑩の最小限のみ。
厚生労働省,地方厚生局,保険医療機関等指導監督等実施費,14,⑩責任能力なき者保護,20%,3,11,大幅縮小,フリードマン範囲外の社会保障事業は原則廃止。⑩の最小限のみ。
厚生労働省,地方厚生局,医師等国家試験実施費,13,⑩責任能力なき者保護,20%,3,10,大幅縮小,フリードマン範囲外の社会保障事業は原則廃止。⑩の最小限のみ。
厚生労働省,地方厚生局,麻薬・覚醒剤等対策費,6,⑩責任能力なき者保護,20%,1,5,大幅縮小,フリードマン範囲外の社会保障事業は原則廃止。⑩の最小限のみ。
厚生労働省,地方厚生局,医療観察等実施費,1,⑩責任能力なき者保護,20%,0,1,大幅縮小,フリードマン範囲外の社会保障事業は原則廃止。⑩の最小限のみ。
厚生労働省,都道府県労働局,都道府県労働局共通費,937,⑩責任能力なき者保護,20%,187,750,大幅縮小,フリードマン範囲外の社会保障事業は原則廃止。⑩の最小限のみ。
厚生労働省,都道府県労働局,都道府県労働局施設費,1,⑩責任能力なき者保護,20%,0,1,大幅縮小,フリードマン範囲外の社会保障事業は原則廃止。⑩の最小限のみ。
厚生労働省,都道府県労働局,労働条件確保・改善対策費,8,⑩責任能力なき者保護,20%,2,6,大幅縮小,フリードマン範囲外の社会保障事業は原則廃止。⑩の最小限のみ。
厚生労働省,都道府県労働局,男女均等雇用対策費,3,⑩責任能力なき者保護,20%,1,2,大幅縮小,フリードマン範囲外の社会保障事業は原則廃止。⑩の最小限のみ。
厚生労働省,都道府県労働局,個別労働紛争対策費,1,⑩責任能力なき者保護,20%,0,1,大幅縮小,フリードマン範囲外の社会保障事業は原則廃止。⑩の最小限のみ。
厚生労働省,都道府県労働局,職業紹介事業等実施費,0,⑩責任能力なき者保護,20%,0,0,大幅縮小,フリードマン範囲外の社会保障事業は原則廃止。⑩の最小限のみ。
厚生労働省,都道府県労働局,高齢者等雇用安定・促進費,29,⑩責任能力なき者保護,20%,6,23,大幅縮小,フリードマン範囲外の社会保障事業は原則廃止。⑩の最小限のみ。
厚生労働省,都道府県労働局,若年者等職業能力開発支援費,10,⑩責任能力なき者保護,20%,2,8,大幅縮小,フリードマン範囲外の社会保障事業は原則廃止。⑩の最小限のみ。
厚生労働省,中央労働委員会,中央労働委員会共通費,13,⑩責任能力なき者保護,20%,3,10,大幅縮小,フリードマン範囲外の社会保障事業は原則廃止。⑩の最小限のみ。
厚生労働省,中央労働委員会,労使関係等安定形成促進費,3,⑩責任能力なき者保護,20%,1,2,大幅縮小,フリードマン範囲外の社会保障事業は原則廃止。⑩の最小限のみ。
農林水産省,農林水産本省,農林水産本省共通費,851,該当なし,0%,0,851,廃止（農業補助廃止）,農業補助金・食料自給率政策は比較優位に反し非効率。市場が資源配分を担う。
農林水産省,農林水産本省,農林水産本省施設費,3,該当なし,0%,0,3,廃止（農業補助廃止）,農業補助金・食料自給率政策は比較優位に反し非効率。市場が資源配分を担う。
農林水産省,農林水産本省,国内食料供給対策費,3585,該当なし,0%,0,3585,廃止（農業補助廃止）,農業補助金・食料自給率政策は比較優位に反し非効率。市場が資源配分を担う。
農林水産省,農林水産本省,牛肉等関税財源国内食料供給対策費,617,該当なし,0%,0,617,廃止（農業補助廃止）,農業補助金・食料自給率政策は比較優位に反し非効率。市場が資源配分を担う。
農林水産省,農林水産本省,国内食料供給対策費食料安定供給特別会計へ繰入,1001,該当なし,0%,0,1001,廃止（農業補助廃止）,農業補助金・食料自給率政策は比較優位に反し非効率。市場が資源配分を担う。
農林水産省,農林水産本省,独立行政法人農畜産業振興機構運営費,30,該当なし,0%,0,30,廃止（農業補助廃止）,農業補助金・食料自給率政策は比較優位に反し非効率。市場が資源配分を担う。
農林水産省,農林水産本省,独立行政法人家畜改良センター運営費,80,該当なし,0%,0,80,廃止（農業補助廃止）,農業補助金・食料自給率政策は比較優位に反し非効率。市場が資源配分を担う。
農林水産省,農林水産本省,農業経営安定事業費等食料安定供給特別会計へ繰入,1371,該当なし,0%,0,1371,廃止（農業補助廃止）,農業補助金・食料自給率政策は比較優位に反し非効率。市場が資源配分を担う。
農林水産省,農林水産本省,農林水産政策研究所,11,該当なし,0%,0,11,廃止（農業補助廃止）,農業補助金・食料自給率政策は比較優位に反し非効率。市場が資源配分を担う。
農林水産省,農林水産本省,食料自給力確保対策費,2688,該当なし,0%,0,2688,廃止（農業補助廃止）,農業補助金・食料自給率政策は比較優位に反し非効率。市場が資源配分を担う。
農林水産省,農林水産本省,海岸事業費,38,該当なし,0%,0,38,廃止（農業補助廃止）,農業補助金・食料自給率政策は比較優位に反し非効率。市場が資源配分を担う。
農林水産省,農林水産本省,国立研究開発法人農業・食品産業技術総合研究機構運営費,19,該当なし,0%,0,19,廃止（農業補助廃止）,農業補助金・食料自給率政策は比較優位に反し非効率。市場が資源配分を担う。
農林水産省,農林水産本省,国立研究開発法人農業・食品産業技術総合研究機構施設整備費,2,該当なし,0%,0,2,廃止（農業補助廃止）,農業補助金・食料自給率政策は比較優位に反し非効率。市場が資源配分を担う。
農林水産省,農林水産本省,独立行政法人農業者年金基金運営費,46,該当なし,0%,0,46,廃止（農業補助廃止）,農業補助金・食料自給率政策は比較優位に反し非効率。市場が資源配分を担う。
農林水産省,農林水産本省,共済掛金国庫負担金等食料安定供給特別会計へ繰入,556,該当なし,0%,0,556,廃止（農業補助廃止）,農業補助金・食料自給率政策は比較優位に反し非効率。市場が資源配分を担う。
農林水産省,農林水産本省,農業農村整備事業費食料安定供給特別会計へ繰入,22,該当なし,0%,0,22,廃止（農業補助廃止）,農業補助金・食料自給率政策は比較優位に反し非効率。市場が資源配分を担う。
農林水産省,農林水産本省,知的財産保護・活用推進費,4,該当なし,0%,0,4,廃止（農業補助廃止）,農業補助金・食料自給率政策は比較優位に反し非効率。市場が資源配分を担う。
農林水産省,農林水産本省,動植物防疫対策費,67,該当なし,0%,0,67,廃止（農業補助廃止）,農業補助金・食料自給率政策は比較優位に反し非効率。市場が資源配分を担う。
農林水産省,農林水産本省,食料供給確保対策費,1,該当なし,0%,0,1,廃止（農業補助廃止）,農業補助金・食料自給率政策は比較優位に反し非効率。市場が資源配分を担う。
農林水産省,農林水産本省,輸入安定化促進対策費,0,該当なし,0%,0,0,廃止（農業補助廃止）,農業補助金・食料自給率政策は比較優位に反し非効率。市場が資源配分を担う。
農林水産省,農林水産本省,国際戦略対策費,114,該当なし,0%,0,114,廃止（農業補助廃止）,農業補助金・食料自給率政策は比較優位に反し非効率。市場が資源配分を担う。
農林水産省,農林水産本省,農林水産物・食品輸出促進対策費,62,該当なし,0%,0,62,廃止（農業補助廃止）,農業補助金・食料自給率政策は比較優位に反し非効率。市場が資源配分を担う。
農林水産省,農林水産本省,食品産業海外展開等促進対策費,2,該当なし,0%,0,2,廃止（農業補助廃止）,農業補助金・食料自給率政策は比較優位に反し非効率。市場が資源配分を担う。
農林水産省,農林水産本省,食品アクセス確保対策費,0,該当なし,0%,0,0,廃止（農業補助廃止）,農業補助金・食料自給率政策は比較優位に反し非効率。市場が資源配分を担う。
農林水産省,農林水産本省,食品産業発展対策費,7,該当なし,0%,0,7,廃止（農業補助廃止）,農業補助金・食料自給率政策は比較優位に反し非効率。市場が資源配分を担う。
農林水産省,農林水産本省,農業・食品産業強化対策費,120,該当なし,0%,0,120,廃止（農業補助廃止）,農業補助金・食料自給率政策は比較優位に反し非効率。市場が資源配分を担う。
農林水産省,農林水産本省,食品等取引適正化対策費,2,該当なし,0%,0,2,廃止（農業補助廃止）,農業補助金・食料自給率政策は比較優位に反し非効率。市場が資源配分を担う。
農林水産省,農林水産本省,食品安全・消費者信頼確保対策費,31,該当なし,0%,0,31,廃止（農業補助廃止）,農業補助金・食料自給率政策は比較優位に反し非効率。市場が資源配分を担う。
農林水産省,農林水産本省,独立行政法人農林水産消費安全技術センター運営費,71,該当なし,0%,0,71,廃止（農業補助廃止）,農業補助金・食料自給率政策は比較優位に反し非効率。市場が資源配分を担う。
農林水産省,農林水産本省,独立行政法人農林水産消費安全技術センター施設整備費,0,該当なし,0%,0,0,廃止（農業補助廃止）,農業補助金・食料自給率政策は比較優位に反し非効率。市場が資源配分を担う。
農林水産省,農林水産本省,農林水産業環境負荷低減推進費,7,該当なし,0%,0,7,廃止（農業補助廃止）,農業補助金・食料自給率政策は比較優位に反し非効率。市場が資源配分を担う。
農林水産省,農林水産本省,食品産業環境負荷低減対策費,1,該当なし,0%,0,1,廃止（農業補助廃止）,農業補助金・食料自給率政策は比較優位に反し非効率。市場が資源配分を担う。
農林水産省,農林水産本省,多面的機能発揮促進対策費,814,該当なし,0%,0,814,廃止（農業補助廃止）,農業補助金・食料自給率政策は比較優位に反し非効率。市場が資源配分を担う。
農林水産省,農林水産本省,食育推進費,1,該当なし,0%,0,1,廃止（農業補助廃止）,農業補助金・食料自給率政策は比較優位に反し非効率。市場が資源配分を担う。
農林水産省,農林水産本省,食文化保護・継承対策費,0,該当なし,0%,0,0,廃止（農業補助廃止）,農業補助金・食料自給率政策は比較優位に反し非効率。市場が資源配分を担う。
農林水産省,農林水産本省,消費者行動変容促進費,0,該当なし,0%,0,0,廃止（農業補助廃止）,農業補助金・食料自給率政策は比較優位に反し非効率。市場が資源配分を担う。
農林水産省,農林水産本省,農業農村整備事業費,2023,該当なし,0%,0,2023,廃止（農業補助廃止）,農業補助金・食料自給率政策は比較優位に反し非効率。市場が資源配分を担う。
農林水産省,農林水産本省,農山漁村地域整備事業費,626,該当なし,0%,0,626,廃止（農業補助廃止）,農業補助金・食料自給率政策は比較優位に反し非効率。市場が資源配分を担う。
農林水産省,農林水産本省,農山漁村活性化対策費,170,該当なし,0%,0,170,廃止（農業補助廃止）,農業補助金・食料自給率政策は比較優位に反し非効率。市場が資源配分を担う。
農林水産省,農林水産本省,農林水産統計調査費,44,該当なし,0%,0,44,廃止（農業補助廃止）,農業補助金・食料自給率政策は比較優位に反し非効率。市場が資源配分を担う。
農林水産省,農林水産本省,風水害等対策費,0,該当なし,0%,0,0,廃止（農業補助廃止）,農業補助金・食料自給率政策は比較優位に反し非効率。市場が資源配分を担う。
農林水産省,農林水産本省,受託工事等実施費,74,該当なし,0%,0,74,廃止（農業補助廃止）,農業補助金・食料自給率政策は比較優位に反し非効率。市場が資源配分を担う。
農林水産省,農林水産本省,海岸事業調査諸費,0,該当なし,0%,0,0,廃止（農業補助廃止）,農業補助金・食料自給率政策は比較優位に反し非効率。市場が資源配分を担う。
農林水産省,農林水産本省,農業農村整備事業調査諸費,10,該当なし,0%,0,10,廃止（農業補助廃止）,農業補助金・食料自給率政策は比較優位に反し非効率。市場が資源配分を担う。
農林水産省,農林水産本省,農業施設災害復旧事業費,74,該当なし,0%,0,74,廃止（農業補助廃止）,農業補助金・食料自給率政策は比較優位に反し非効率。市場が資源配分を担う。
農林水産省,農林水産本省,農業施設災害関連事業費,2,該当なし,0%,0,2,廃止（農業補助廃止）,農業補助金・食料自給率政策は比較優位に反し非効率。市場が資源配分を担う。
農林水産省,農林水産本省検査指導機関,農林水産本省検査指導所,176,⑨外部効果克服,70%,123,53,縮小,⑨食品安全の外部効果（情報の非対称性含む）。基準設定・監視は正当。
農林水産省,農林水産本省検査指導機関,農林水産本省検査指導所施設費,2,⑨外部効果克服,70%,1,1,縮小,⑨食品安全の外部効果（情報の非対称性含む）。基準設定・監視は正当。
農林水産省,農林水産技術会議,農林水産技術会議共通費,22,該当なし,0%,0,22,廃止（農業補助廃止）,農業補助金・食料自給率政策は比較優位に反し非効率。市場が資源配分を担う。
農林水産省,農林水産技術会議,農林水産技術会議施設費,3,該当なし,0%,0,3,廃止（農業補助廃止）,農業補助金・食料自給率政策は比較優位に反し非効率。市場が資源配分を担う。
農林水産省,農林水産技術会議,農林水産業イノベーション創出・技術開発推進費,28,該当なし,0%,0,28,廃止（農業補助廃止）,農業補助金・食料自給率政策は比較優位に反し非効率。市場が資源配分を担う。
農林水産省,農林水産技術会議,国立研究開発法人農業・食品産業技術総合研究機構運営費,535,該当なし,0%,0,535,廃止（農業補助廃止）,農業補助金・食料自給率政策は比較優位に反し非効率。市場が資源配分を担う。
農林水産省,農林水産技術会議,国立研究開発法人国際農林水産業研究センター運営費,40,該当なし,0%,0,40,廃止（農業補助廃止）,農業補助金・食料自給率政策は比較優位に反し非効率。市場が資源配分を担う。
農林水産省,地方農政局,地方農政局,462,該当なし,0%,0,462,廃止（農業補助廃止）,農業補助金・食料自給率政策は比較優位に反し非効率。市場が資源配分を担う。
農林水産省,地方農政局,地方農政局施設費,4,該当なし,0%,0,4,廃止（農業補助廃止）,農業補助金・食料自給率政策は比較優位に反し非効率。市場が資源配分を担う。
農林水産省,地方農政局,海岸事業工事諸費,4,該当なし,0%,0,4,廃止（農業補助廃止）,農業補助金・食料自給率政策は比較優位に反し非効率。市場が資源配分を担う。
農林水産省,地方農政局,農業農村整備事業工事諸費,210,該当なし,0%,0,210,廃止（農業補助廃止）,農業補助金・食料自給率政策は比較優位に反し非効率。市場が資源配分を担う。
農林水産省,地方農政局,農業施設災害復旧事業等工事諸費,0,該当なし,0%,0,0,廃止（農業補助廃止）,農業補助金・食料自給率政策は比較優位に反し非効率。市場が資源配分を担う。
農林水産省,北海道農政事務所,北海道農政事務所,40,該当なし,0%,0,40,廃止（農業補助廃止）,農業補助金・食料自給率政策は比較優位に反し非効率。市場が資源配分を担う。
農林水産省,林野庁,林野庁共通費,347,該当なし,0%,0,347,廃止（農業補助廃止）,農業補助金・食料自給率政策は比較優位に反し非効率。市場が資源配分を担う。
農林水産省,林野庁,林野庁施設費,10,該当なし,0%,0,10,廃止（農業補助廃止）,農業補助金・食料自給率政策は比較優位に反し非効率。市場が資源配分を担う。
農林水産省,林野庁,国立研究開発法人森林研究・整備機構運営費,108,該当なし,0%,0,108,廃止（農業補助廃止）,農業補助金・食料自給率政策は比較優位に反し非効率。市場が資源配分を担う。
農林水産省,林野庁,森林整備・保全費,44,⑨外部効果克服,30%,13,31,大幅縮小,⑨CO2吸収・水源涵養は外部効果。ただし補助金ではなく環境税・クレジット市場が適切。
農林水産省,林野庁,国有林野産物等売払及管理処分業務費,130,該当なし,0%,0,130,廃止（農業補助廃止）,農業補助金・食料自給率政策は比較優位に反し非効率。市場が資源配分を担う。
農林水産省,林野庁,治山事業費,506,⑨外部効果克服,70%,354,152,縮小,⑨山地崩壊・土砂流出は外部効果（下流域への被害）。治山は正当化可能。
農林水産省,林野庁,森林整備事業費,1137,⑨外部効果克服,30%,341,796,大幅縮小,⑨CO2吸収・水源涵養は外部効果。ただし補助金ではなく環境税・クレジット市場が適切。
農林水産省,林野庁,借入金利子国有林野事業債務管理特別会計へ繰入,77,該当なし,0%,0,77,廃止（農業補助廃止）,農業補助金・食料自給率政策は比較優位に反し非効率。市場が資源配分を担う。
農林水産省,林野庁,国有林野事業収入財源借入金債務処理費国有林野事業債務管理特別会計へ繰入,270,該当なし,0%,0,270,廃止（農業補助廃止）,農業補助金・食料自給率政策は比較優位に反し非効率。市場が資源配分を担う。
農林水産省,林野庁,林業振興対策費,50,該当なし,0%,0,50,廃止（農業補助廃止）,農業補助金・食料自給率政策は比較優位に反し非効率。市場が資源配分を担う。
農林水産省,林野庁,林産物供給等振興対策費,19,該当なし,0%,0,19,廃止（農業補助廃止）,農業補助金・食料自給率政策は比較優位に反し非効率。市場が資源配分を担う。
農林水産省,林野庁,森林整備・林業等振興対策費,65,⑨外部効果克服,30%,20,45,大幅縮小,⑨CO2吸収・水源涵養は外部効果。ただし補助金ではなく環境税・クレジット市場が適切。
農林水産省,林野庁,治山事業工事諸費,48,⑨外部効果克服,70%,34,14,縮小,⑨山地崩壊・土砂流出は外部効果（下流域への被害）。治山は正当化可能。
農林水産省,林野庁,森林整備事業工事諸費,70,⑨外部効果克服,30%,21,49,大幅縮小,⑨CO2吸収・水源涵養は外部効果。ただし補助金ではなく環境税・クレジット市場が適切。
農林水産省,林野庁,山林施設災害復旧事業費,47,該当なし,0%,0,47,廃止（農業補助廃止）,農業補助金・食料自給率政策は比較優位に反し非効率。市場が資源配分を担う。
農林水産省,林野庁,山林施設災害関連事業費,46,該当なし,0%,0,46,廃止（農業補助廃止）,農業補助金・食料自給率政策は比較優位に反し非効率。市場が資源配分を担う。
農林水産省,林野庁,山林施設災害復旧事業等工事諸費,0,該当なし,0%,0,0,廃止（農業補助廃止）,農業補助金・食料自給率政策は比較優位に反し非効率。市場が資源配分を担う。
農林水産省,水産庁,水産庁共通費,92,該当なし,0%,0,92,廃止（農業補助廃止）,農業補助金・食料自給率政策は比較優位に反し非効率。市場が資源配分を担う。
農林水産省,水産庁,国立研究開発法人水産研究・教育機構運営費,180,該当なし,0%,0,180,廃止（農業補助廃止）,農業補助金・食料自給率政策は比較優位に反し非効率。市場が資源配分を担う。
農林水産省,水産庁,国立研究開発法人水産研究・教育機構船舶建造費,24,該当なし,0%,0,24,廃止（農業補助廃止）,農業補助金・食料自給率政策は比較優位に反し非効率。市場が資源配分を担う。
農林水産省,水産庁,国際戦略対策費,6,該当なし,0%,0,6,廃止（農業補助廃止）,農業補助金・食料自給率政策は比較優位に反し非効率。市場が資源配分を担う。
農林水産省,水産庁,水産資源管理対策費,260,⑨外部効果克服,70%,182,78,縮小,⑨漁業資源の管理は共有資源の外部効果問題。漁獲枠設定・監視は政府機能。
農林水産省,水産庁,船舶建造費,2,該当なし,0%,0,2,廃止（農業補助廃止）,農業補助金・食料自給率政策は比較優位に反し非効率。市場が資源配分を担う。
農林水産省,水産庁,水産業振興対策費,232,該当なし,0%,0,232,廃止（農業補助廃止）,農業補助金・食料自給率政策は比較優位に反し非効率。市場が資源配分を担う。
農林水産省,水産庁,保険料国庫負担金等食料安定供給特別会計へ繰入,187,該当なし,0%,0,187,廃止（農業補助廃止）,農業補助金・食料自給率政策は比較優位に反し非効率。市場が資源配分を担う。
農林水産省,水産庁,漁村活性化対策費,43,該当なし,0%,0,43,廃止（農業補助廃止）,農業補助金・食料自給率政策は比較優位に反し非効率。市場が資源配分を担う。
農林水産省,水産庁,海岸事業費,30,該当なし,0%,0,30,廃止（農業補助廃止）,農業補助金・食料自給率政策は比較優位に反し非効率。市場が資源配分を担う。
農林水産省,水産庁,水産業強化対策費,18,該当なし,0%,0,18,廃止（農業補助廃止）,農業補助金・食料自給率政策は比較優位に反し非効率。市場が資源配分を担う。
農林水産省,水産庁,水産基盤整備費,358,該当なし,0%,0,358,廃止（農業補助廃止）,農業補助金・食料自給率政策は比較優位に反し非効率。市場が資源配分を担う。
農林水産省,水産庁,海岸事業調査諸費,0,該当なし,0%,0,0,廃止（農業補助廃止）,農業補助金・食料自給率政策は比較優位に反し非効率。市場が資源配分を担う。
農林水産省,水産庁,水産基盤整備事業工事諸費,1,該当なし,0%,0,1,廃止（農業補助廃止）,農業補助金・食料自給率政策は比較優位に反し非効率。市場が資源配分を担う。
農林水産省,水産庁,漁港施設災害復旧事業費,10,該当なし,0%,0,10,廃止（農業補助廃止）,農業補助金・食料自給率政策は比較優位に反し非効率。市場が資源配分を担う。
農林水産省,水産庁,漁港施設災害関連事業費,1,該当なし,0%,0,1,廃止（農業補助廃止）,農業補助金・食料自給率政策は比較優位に反し非効率。市場が資源配分を担う。
経済産業省,経済産業本省,経済産業本省共通費,523,⑥競争促進,10%,52,471,大幅縮小（独禁執行のみ）,⑥競争促進（独禁法執行）のみ正当。産業政策・補助金全廃。公取委への機能集約。
経済産業省,経済産業本省,経済産業本省施設費,23,⑥競争促進,10%,2,21,大幅縮小（独禁執行のみ）,⑥競争促進（独禁法執行）のみ正当。産業政策・補助金全廃。公取委への機能集約。
経済産業省,経済産業本省,経済構造改革推進費,16,⑥競争促進,10%,2,14,大幅縮小（独禁執行のみ）,⑥競争促進（独禁法執行）のみ正当。産業政策・補助金全廃。公取委への機能集約。
経済産業省,経済産業本省,地域経済政策推進費,7,⑥競争促進,10%,1,6,大幅縮小（独禁執行のみ）,⑥競争促進（独禁法執行）のみ正当。産業政策・補助金全廃。公取委への機能集約。
経済産業省,経済産業本省,工業用水道事業費,20,⑥競争促進,10%,2,18,大幅縮小（独禁執行のみ）,⑥競争促進（独禁法執行）のみ正当。産業政策・補助金全廃。公取委への機能集約。
経済産業省,経済産業本省,独立行政法人経済産業研究所運営費,25,⑥競争促進,10%,2,23,大幅縮小（独禁執行のみ）,⑥競争促進（独禁法執行）のみ正当。産業政策・補助金全廃。公取委への機能集約。
経済産業省,経済産業本省,対外経済政策推進費,150,該当なし,10%,15,135,廃止,貿易促進の産業政策はフリードマン否定。通商交渉の外交機能は外務省へ。
経済産業省,経済産業本省,独立行政法人日本貿易振興機構運営費,266,⑥競争促進,10%,27,239,大幅縮小（独禁執行のみ）,⑥競争促進（独禁法執行）のみ正当。産業政策・補助金全廃。公取委への機能集約。
経済産業省,経済産業本省,産業技術・環境・産業標準政策推進費,52,⑥競争促進,10%,5,47,大幅縮小（独禁執行のみ）,⑥競争促進（独禁法執行）のみ正当。産業政策・補助金全廃。公取委への機能集約。
経済産業省,経済産業本省,登録免許税納付確認等事務費特許特別会計へ繰入,0,⑥競争促進,10%,0,0,大幅縮小（独禁執行のみ）,⑥競争促進（独禁法執行）のみ正当。産業政策・補助金全廃。公取委への機能集約。
経済産業省,経済産業本省,国立研究開発法人産業技術総合研究所運営費,674,⑥競争促進,10%,67,607,大幅縮小（独禁執行のみ）,⑥競争促進（独禁法執行）のみ正当。産業政策・補助金全廃。公取委への機能集約。
経済産業省,経済産業本省,国立研究開発法人新エネルギー・産業技術総合開発機構運営費,100,⑥競争促進,10%,10,90,大幅縮小（独禁執行のみ）,⑥競争促進（独禁法執行）のみ正当。産業政策・補助金全廃。公取委への機能集約。
経済産業省,経済産業本省,独立行政法人製品評価技術基盤機構運営費,84,⑥競争促進,10%,8,76,大幅縮小（独禁執行のみ）,⑥競争促進（独禁法執行）のみ正当。産業政策・補助金全廃。公取委への機能集約。
経済産業省,経済産業本省,情報処理・サービス・製造産業振興費,483,⑥競争促進,10%,48,435,大幅縮小（独禁執行のみ）,⑥競争促進（独禁法執行）のみ正当。産業政策・補助金全廃。公取委への機能集約。
経済産業省,経済産業本省,独立行政法人エネルギー・金属鉱物資源機構運営費,44,⑥競争促進,10%,4,40,大幅縮小（独禁執行のみ）,⑥競争促進（独禁法執行）のみ正当。産業政策・補助金全廃。公取委への機能集約。
経済産業省,経済産業本省,独立行政法人情報処理推進機構運営費,129,⑥競争促進,10%,13,116,大幅縮小（独禁執行のみ）,⑥競争促進（独禁法執行）のみ正当。産業政策・補助金全廃。公取委への機能集約。
経済産業省,経済産業本省,産業保安確保費,39,⑥競争促進,10%,4,35,大幅縮小（独禁執行のみ）,⑥競争促進（独禁法執行）のみ正当。産業政策・補助金全廃。公取委への機能集約。
経済産業省,経済産業局,経済産業局,156,⑥競争促進,10%,16,140,大幅縮小（独禁執行のみ）,⑥競争促進（独禁法執行）のみ正当。産業政策・補助金全廃。公取委への機能集約。
経済産業省,経済産業局,経済産業局施設費,1,⑥競争促進,10%,0,1,大幅縮小（独禁執行のみ）,⑥競争促進（独禁法執行）のみ正当。産業政策・補助金全廃。公取委への機能集約。
経済産業省,産業保安監督官署,産業保安監督官署,29,⑥競争促進,10%,3,26,大幅縮小（独禁執行のみ）,⑥競争促進（独禁法執行）のみ正当。産業政策・補助金全廃。公取委への機能集約。
経済産業省,産業保安監督官署,産業保安監督官署施設費,0,⑥競争促進,10%,0,0,大幅縮小（独禁執行のみ）,⑥競争促進（独禁法執行）のみ正当。産業政策・補助金全廃。公取委への機能集約。
経済産業省,資源エネルギー庁,資源エネルギー庁共通費,45,⑨外部効果克服,10%,4,41,廃止（特別会計繰入廃止）,エネルギー補助・FIT等は市場歪曲。原子力安全規制⑨のみ（原子力規制委に移管）。
経済産業省,資源エネルギー庁,石油石炭税財源燃料安定供給対策及エネルギー需給構造高度化対策費エネルギー対策特別会計へ繰入,2708,⑥競争促進,10%,271,2437,大幅縮小（独禁執行のみ）,⑥競争促進（独禁法執行）のみ正当。産業政策・補助金全廃。公取委への機能集約。
経済産業省,資源エネルギー庁,電源開発促進税財源電源立地対策及電源利用対策費エネルギー対策特別会計へ繰入,1517,⑥競争促進,10%,152,1365,大幅縮小（独禁執行のみ）,⑥競争促進（独禁法執行）のみ正当。産業政策・補助金全廃。公取委への機能集約。
経済産業省,資源エネルギー庁,原子力損害賠償支援対策費エネルギー対策特別会計へ繰入,715,⑥競争促進,10%,72,643,大幅縮小（独禁執行のみ）,⑥競争促進（独禁法執行）のみ正当。産業政策・補助金全廃。公取委への機能集約。
経済産業省,中小企業庁,中小企業庁共通費,21,該当なし,0%,0,21,廃止,特定企業規模への優遇はフリードマン否定。中小企業政策は競争を阻害。
経済産業省,中小企業庁,中小企業政策推進費,675,該当なし,0%,0,675,廃止,特定企業規模への優遇はフリードマン否定。中小企業政策は競争を阻害。
経済産業省,中小企業庁,独立行政法人中小企業基盤整備機構運営費,188,該当なし,0%,0,188,廃止,特定企業規模への優遇はフリードマン否定。中小企業政策は競争を阻害。
経済産業省,中小企業庁,独立行政法人中小企業基盤整備機構出資,6,該当なし,0%,0,6,廃止,特定企業規模への優遇はフリードマン否定。中小企業政策は競争を阻害。
国土交通省,国土交通本省,国土交通本省共通費,1326,⑧技術的独占対抗・⑨外部効果克服,30%,398,928,大幅縮小,⑧⑨インフラ規制・防災のみ。補助金・特定地域優遇は廃止。
国土交通省,国土交通本省,国土交通本省施設費,1,⑧技術的独占対抗・⑨外部効果克服,30%,0,1,大幅縮小,⑧⑨インフラ規制・防災のみ。補助金・特定地域優遇は廃止。
国土交通省,国土交通本省,住宅対策事業費,5,該当なし,0%,0,5,廃止,住宅補助・整備は市場に任せる。低所得者の住宅はNITで対応。
国土交通省,国土交通本省,住宅対策諸費,384,該当なし,0%,0,384,廃止,住宅補助・整備は市場に任せる。低所得者の住宅はNITで対応。
国土交通省,国土交通本省,住宅市場整備推進費,38,該当なし,0%,0,38,廃止,住宅補助・整備は市場に任せる。低所得者の住宅はNITで対応。
国土交通省,国土交通本省,総合的バリアフリー推進費,0,⑧技術的独占対抗・⑨外部効果克服,30%,0,0,大幅縮小,⑧⑨インフラ規制・防災のみ。補助金・特定地域優遇は廃止。
国土交通省,国土交通本省,海洋環境対策費,4,⑧技術的独占対抗・⑨外部効果克服,30%,1,3,大幅縮小,⑧⑨インフラ規制・防災のみ。補助金・特定地域優遇は廃止。
国土交通省,国土交通本省,港湾環境整備事業費,10,⑧技術的独占対抗・⑨外部効果克服,30%,3,7,大幅縮小,⑧⑨インフラ規制・防災のみ。補助金・特定地域優遇は廃止。
国土交通省,国土交通本省,道路環境等対策費,0,⑧技術的独占対抗・⑨外部効果克服,30%,0,0,大幅縮小,⑧⑨インフラ規制・防災のみ。補助金・特定地域優遇は廃止。
国土交通省,国土交通本省,道路環境改善事業費,1073,⑧技術的独占対抗・⑨外部効果克服,30%,322,751,大幅縮小,⑧⑨インフラ規制・防災のみ。補助金・特定地域優遇は廃止。
国土交通省,国土交通本省,水資源対策費,1,⑧技術的独占対抗・⑨外部効果克服,30%,0,1,大幅縮小,⑧⑨インフラ規制・防災のみ。補助金・特定地域優遇は廃止。
国土交通省,国土交通本省,水資源開発事業費,117,⑧技術的独占対抗・⑨外部効果克服,30%,35,82,大幅縮小,⑧⑨インフラ規制・防災のみ。補助金・特定地域優遇は廃止。
国土交通省,国土交通本省,緑地環境対策費,2,⑧技術的独占対抗・⑨外部効果克服,30%,1,1,大幅縮小,⑧⑨インフラ規制・防災のみ。補助金・特定地域優遇は廃止。
国土交通省,国土交通本省,国営公園等事業費,234,⑧技術的独占対抗・⑨外部効果克服,30%,70,164,大幅縮小,⑧⑨インフラ規制・防災のみ。補助金・特定地域優遇は廃止。
国土交通省,国土交通本省,水環境対策費,2,⑧技術的独占対抗・⑨外部効果克服,30%,1,1,大幅縮小,⑧⑨インフラ規制・防災のみ。補助金・特定地域優遇は廃止。
国土交通省,国土交通本省,都市水環境整備事業費,219,⑧技術的独占対抗・⑨外部効果克服,30%,66,153,大幅縮小,⑧⑨インフラ規制・防災のみ。補助金・特定地域優遇は廃止。
国土交通省,国土交通本省,上下水道一体効率化・基盤強化推進事業費,65,⑧技術的独占対抗・⑨外部効果克服,30%,20,45,大幅縮小,⑧⑨インフラ規制・防災のみ。補助金・特定地域優遇は廃止。
国土交通省,国土交通本省,水道施設整備費,101,⑧技術的独占対抗・⑨外部効果克服,30%,30,71,大幅縮小,⑧⑨インフラ規制・防災のみ。補助金・特定地域優遇は廃止。
国土交通省,国土交通本省,下水道事業費,107,⑧技術的独占対抗・⑨外部効果克服,30%,32,75,大幅縮小,⑧⑨インフラ規制・防災のみ。補助金・特定地域優遇は廃止。
国土交通省,国土交通本省,地球温暖化防止等対策費,39,⑧技術的独占対抗・⑨外部効果克服,30%,12,27,大幅縮小,⑧⑨インフラ規制・防災のみ。補助金・特定地域優遇は廃止。
国土交通省,国土交通本省,災害情報整備推進費,0,⑧技術的独占対抗・⑨外部効果克服,30%,0,0,大幅縮小,⑧⑨インフラ規制・防災のみ。補助金・特定地域優遇は廃止。
国土交通省,国土交通本省,住宅・市街地防災対策費,0,該当なし,0%,0,0,廃止,住宅補助・整備は市場に任せる。低所得者の住宅はNITで対応。
国土交通省,国土交通本省,市街地防災事業費,1,⑧技術的独占対抗・⑨外部効果克服,30%,0,1,大幅縮小,⑧⑨インフラ規制・防災のみ。補助金・特定地域優遇は廃止。
国土交通省,国土交通本省,住宅防災事業費,1169,該当なし,0%,0,1169,廃止,住宅補助・整備は市場に任せる。低所得者の住宅はNITで対応。
国土交通省,国土交通本省,都市公園防災事業費,4,⑧技術的独占対抗・⑨外部効果克服,30%,1,3,大幅縮小,⑧⑨インフラ規制・防災のみ。補助金・特定地域優遇は廃止。
国土交通省,国土交通本省,下水道防災事業費,1202,⑧技術的独占対抗・⑨外部効果克服,30%,361,841,大幅縮小,⑧⑨インフラ規制・防災のみ。補助金・特定地域優遇は廃止。
国土交通省,国土交通本省,水害・土砂災害対策費,3,⑧技術的独占対抗・⑨外部効果克服,30%,1,2,大幅縮小,⑧⑨インフラ規制・防災のみ。補助金・特定地域優遇は廃止。
国土交通省,国土交通本省,河川管理施設整備費,1,⑧技術的独占対抗・⑨外部効果克服,30%,0,1,大幅縮小,⑧⑨インフラ規制・防災のみ。補助金・特定地域優遇は廃止。
国土交通省,国土交通本省,河川整備事業費,4622,⑨外部効果克服,80%,3698,924,維持（縮小）,⑨洪水・治水は典型的外部効果。下流域への被害防止は政府の正当機能。
国土交通省,国土交通本省,多目的ダム建設事業費,821,⑧技術的独占対抗・⑨外部効果克服,30%,246,575,大幅縮小,⑧⑨インフラ規制・防災のみ。補助金・特定地域優遇は廃止。
国土交通省,国土交通本省,総合流域防災事業費,68,⑧技術的独占対抗・⑨外部効果克服,30%,20,48,大幅縮小,⑧⑨インフラ規制・防災のみ。補助金・特定地域優遇は廃止。
国土交通省,国土交通本省,砂防事業費,1199,⑨外部効果克服,80%,959,240,維持（縮小）,⑨土砂災害防止の外部効果。
国土交通省,国土交通本省,防災・減災対策等強化事業推進費,139,⑧技術的独占対抗・⑨外部効果克服,30%,42,97,大幅縮小,⑧⑨インフラ規制・防災のみ。補助金・特定地域優遇は廃止。
国土交通省,国土交通本省,海岸事業費,288,⑧技術的独占対抗・⑨外部効果克服,30%,86,202,大幅縮小,⑧⑨インフラ規制・防災のみ。補助金・特定地域優遇は廃止。
国土交通省,国土交通本省,公共交通等安全対策費,17,⑧技術的独占対抗・⑨外部効果克服,30%,5,12,大幅縮小,⑧⑨インフラ規制・防災のみ。補助金・特定地域優遇は廃止。
国土交通省,国土交通本省,独立行政法人航空大学校運営費,24,⑧技術的独占対抗・⑨外部効果克服,30%,7,17,大幅縮小,⑧⑨インフラ規制・防災のみ。補助金・特定地域優遇は廃止。
国土交通省,国土交通本省,鉄道安全対策事業費,55,⑧技術的独占対抗・⑨外部効果克服,30%,16,39,大幅縮小,⑧⑨インフラ規制・防災のみ。補助金・特定地域優遇は廃止。
国土交通省,国土交通本省,道路交通安全対策費,2,⑧技術的独占対抗・⑨外部効果克服,40%,1,1,縮小,⑧⑨道路安全基準設定・執行は正当。新規道路建設は受益者負担（有料道路）原則。
国土交通省,国土交通本省,道路交通安全対策事業費,9168,⑧技術的独占対抗・⑨外部効果克服,40%,3667,5501,縮小,⑧⑨道路安全基準設定・執行は正当。新規道路建設は受益者負担（有料道路）原則。
国土交通省,国土交通本省,総合的物流体系整備推進費,4,⑧技術的独占対抗・⑨外部効果克服,30%,1,3,大幅縮小,⑧⑨インフラ規制・防災のみ。補助金・特定地域優遇は廃止。
国土交通省,国土交通本省,港湾事業費,1889,⑧技術的独占対抗・⑨外部効果克服,30%,567,1322,大幅縮小,⑧⑨インフラ規制・防災のみ。補助金・特定地域優遇は廃止。
国土交通省,国土交通本省,景観形成推進費,1,⑧技術的独占対抗・⑨外部効果克服,30%,0,1,大幅縮小,⑧⑨インフラ規制・防災のみ。補助金・特定地域優遇は廃止。
国土交通省,国土交通本省,地域連携道路事業費,5283,該当なし,0%,0,5283,廃止,地方道路は地方政府・有料化・民営化で対応。
国土交通省,国土交通本省,整備新幹線建設推進高度化等事業費,16,該当なし,0%,0,16,廃止（民営化）,新幹線建設は民間（JR各社）が採算で判断。政府補助は不要。
国土交通省,国土交通本省,整備新幹線整備事業費,804,該当なし,0%,0,804,廃止（民営化）,新幹線建設は民間（JR各社）が採算で判断。政府補助は不要。
国土交通省,国土交通本省,航空機燃料税財源空港整備事業費自動車安全特別会計へ繰入,309,⑧技術的独占対抗・⑨外部効果克服,30%,93,216,大幅縮小,⑧⑨インフラ規制・防災のみ。補助金・特定地域優遇は廃止。
国土交通省,国土交通本省,航空機燃料税財源北海道空港整備事業費自動車安全特別会計へ繰入,78,⑧技術的独占対抗・⑨外部効果克服,30%,23,55,大幅縮小,⑧⑨インフラ規制・防災のみ。補助金・特定地域優遇は廃止。
国土交通省,国土交通本省,航空機燃料税財源離島空港整備事業費自動車安全特別会計へ繰入,2,⑧技術的独占対抗・⑨外部効果克服,30%,1,1,大幅縮小,⑧⑨インフラ規制・防災のみ。補助金・特定地域優遇は廃止。
国土交通省,国土交通本省,都市・地域づくり推進費,19,⑧技術的独占対抗・⑨外部効果克服,30%,6,13,大幅縮小,⑧⑨インフラ規制・防災のみ。補助金・特定地域優遇は廃止。
国土交通省,国土交通本省,都市再生・地域再生整備事業費,1017,⑧技術的独占対抗・⑨外部効果克服,30%,305,712,大幅縮小,⑧⑨インフラ規制・防災のみ。補助金・特定地域優遇は廃止。
国土交通省,国土交通本省,鉄道網整備推進費,1,⑧技術的独占対抗・⑨外部効果克服,30%,0,1,大幅縮小,⑧⑨インフラ規制・防災のみ。補助金・特定地域優遇は廃止。
国土交通省,国土交通本省,鉄道網整備事業費,176,⑧技術的独占対抗・⑨外部効果克服,30%,53,123,大幅縮小,⑧⑨インフラ規制・防災のみ。補助金・特定地域優遇は廃止。
国土交通省,国土交通本省,地域公共交通維持・活性化推進費,205,⑧技術的独占対抗・⑨外部効果克服,30%,62,143,大幅縮小,⑧⑨インフラ規制・防災のみ。補助金・特定地域優遇は廃止。
国土交通省,国土交通本省,独立行政法人鉄道建設・運輸施設整備支援機構運営費,3,⑧技術的独占対抗・⑨外部効果克服,30%,1,2,大幅縮小,⑧⑨インフラ規制・防災のみ。補助金・特定地域優遇は廃止。
国土交通省,国土交通本省,都市・地域交通整備事業費,10,⑧技術的独占対抗・⑨外部効果克服,30%,3,7,大幅縮小,⑧⑨インフラ規制・防災のみ。補助金・特定地域優遇は廃止。
国土交通省,国土交通本省,道路交通円滑化推進費,1,⑧技術的独占対抗・⑨外部効果克服,30%,0,1,大幅縮小,⑧⑨インフラ規制・防災のみ。補助金・特定地域優遇は廃止。
国土交通省,国土交通本省,道路交通円滑化事業費,1912,⑧技術的独占対抗・⑨外部効果克服,30%,574,1338,大幅縮小,⑧⑨インフラ規制・防災のみ。補助金・特定地域優遇は廃止。
国土交通省,国土交通本省,社会資本整備・管理効率化推進費,10,⑧技術的独占対抗・⑨外部効果克服,30%,3,7,大幅縮小,⑧⑨インフラ規制・防災のみ。補助金・特定地域優遇は廃止。
国土交通省,国土交通本省,不動産市場整備等推進費,42,⑧技術的独占対抗・⑨外部効果克服,30%,13,29,大幅縮小,⑧⑨インフラ規制・防災のみ。補助金・特定地域優遇は廃止。
国土交通省,国土交通本省,建設市場整備推進費,8,⑧技術的独占対抗・⑨外部効果克服,30%,2,6,大幅縮小,⑧⑨インフラ規制・防災のみ。補助金・特定地域優遇は廃止。
国土交通省,国土交通本省,国土交通統計調査費,10,⑧技術的独占対抗・⑨外部効果克服,30%,3,7,大幅縮小,⑧⑨インフラ規制・防災のみ。補助金・特定地域優遇は廃止。
国土交通省,国土交通本省,国土調査費,35,⑧技術的独占対抗・⑨外部効果克服,30%,10,25,大幅縮小,⑧⑨インフラ規制・防災のみ。補助金・特定地域優遇は廃止。
国土交通省,国土交通本省,社会資本整備円滑化地籍整備事業費,18,⑧技術的独占対抗・⑨外部効果克服,30%,5,13,大幅縮小,⑧⑨インフラ規制・防災のみ。補助金・特定地域優遇は廃止。
国土交通省,国土交通本省,自動車運送業市場環境整備推進費,1,⑧技術的独占対抗・⑨外部効果克服,30%,0,1,大幅縮小,⑧⑨インフラ規制・防災のみ。補助金・特定地域優遇は廃止。
国土交通省,国土交通本省,海事産業市場整備等推進費,3,⑧技術的独占対抗・⑨外部効果克服,30%,1,2,大幅縮小,⑧⑨インフラ規制・防災のみ。補助金・特定地域優遇は廃止。
国土交通省,国土交通本省,独立行政法人海技教育機構運営費,63,⑧技術的独占対抗・⑨外部効果克服,30%,19,44,大幅縮小,⑧⑨インフラ規制・防災のみ。補助金・特定地域優遇は廃止。
国土交通省,国土交通本省,国土形成推進費,2,⑧技術的独占対抗・⑨外部効果克服,30%,1,1,大幅縮小,⑧⑨インフラ規制・防災のみ。補助金・特定地域優遇は廃止。
国土交通省,国土交通本省,社会資本総合整備事業費,12191,該当なし,0%,0,12191,廃止（受益者負担へ）,道路・港湾等のインフラは民営化・有料化・受益者負担原則。一般財源からの支出廃止。
国土交通省,国土交通本省,官民連携基盤整備推進調査費,3,⑧技術的独占対抗・⑨外部効果克服,30%,1,2,大幅縮小,⑧⑨インフラ規制・防災のみ。補助金・特定地域優遇は廃止。
国土交通省,国土交通本省,地理空間情報整備・活用推進費,0,⑧技術的独占対抗・⑨外部効果克服,30%,0,0,大幅縮小,⑧⑨インフラ規制・防災のみ。補助金・特定地域優遇は廃止。
国土交通省,国土交通本省,離島振興費,45,⑨外部効果克服,30%,14,31,大幅縮小,⑨一部（国防上の必要性・通信インフラ）のみ。生活補助は廃止。
国土交通省,国土交通本省,離島振興事業費,555,⑨外部効果克服,30%,166,389,大幅縮小,⑨一部（国防上の必要性・通信インフラ）のみ。生活補助は廃止。
国土交通省,国土交通本省,北海道総合開発推進費,17,⑧技術的独占対抗・⑨外部効果克服,30%,5,12,大幅縮小,⑧⑨インフラ規制・防災のみ。補助金・特定地域優遇は廃止。
国土交通省,国土交通本省,北海道開発事業費,5136,該当なし,0%,0,5136,廃止,特定地域への開発補助はフリードマン否定。市場による資源配分が優先。
国土交通省,国土交通本省,北海道特定特別総合開発事業推進費,43,⑧技術的独占対抗・⑨外部効果克服,30%,13,30,大幅縮小,⑧⑨インフラ規制・防災のみ。補助金・特定地域優遇は廃止。
国土交通省,国土交通本省,技術研究開発推進費,33,⑧技術的独占対抗・⑨外部効果克服,30%,10,23,大幅縮小,⑧⑨インフラ規制・防災のみ。補助金・特定地域優遇は廃止。
国土交通省,国土交通本省,国立研究開発法人土木研究所運営費,92,⑧技術的独占対抗・⑨外部効果克服,30%,28,64,大幅縮小,⑧⑨インフラ規制・防災のみ。補助金・特定地域優遇は廃止。
国土交通省,国土交通本省,国立研究開発法人土木研究所施設整備費,3,⑧技術的独占対抗・⑨外部効果克服,30%,1,2,大幅縮小,⑧⑨インフラ規制・防災のみ。補助金・特定地域優遇は廃止。
国土交通省,国土交通本省,国立研究開発法人建築研究所運営費,21,⑧技術的独占対抗・⑨外部効果克服,30%,6,15,大幅縮小,⑧⑨インフラ規制・防災のみ。補助金・特定地域優遇は廃止。
国土交通省,国土交通本省,国立研究開発法人建築研究所施設整備費,0,⑧技術的独占対抗・⑨外部効果克服,30%,0,0,大幅縮小,⑧⑨インフラ規制・防災のみ。補助金・特定地域優遇は廃止。
国土交通省,国土交通本省,国立研究開発法人海上・港湾・航空技術研究所運営費,56,⑧技術的独占対抗・⑨外部効果克服,30%,17,39,大幅縮小,⑧⑨インフラ規制・防災のみ。補助金・特定地域優遇は廃止。
国土交通省,国土交通本省,国立研究開発法人海上・港湾・航空技術研究所施設整備費,1,⑧技術的独占対抗・⑨外部効果克服,30%,0,1,大幅縮小,⑧⑨インフラ規制・防災のみ。補助金・特定地域優遇は廃止。
国土交通省,国土交通本省,独立行政法人自動車技術総合機構運営費,8,⑧技術的独占対抗・⑨外部効果克服,30%,2,6,大幅縮小,⑧⑨インフラ規制・防災のみ。補助金・特定地域優遇は廃止。
国土交通省,国土交通本省,情報化推進費,6,⑧技術的独占対抗・⑨外部効果克服,30%,2,4,大幅縮小,⑧⑨インフラ規制・防災のみ。補助金・特定地域優遇は廃止。
国土交通省,国土交通本省,国際協力費,11,⑧技術的独占対抗・⑨外部効果克服,30%,3,8,大幅縮小,⑧⑨インフラ規制・防災のみ。補助金・特定地域優遇は廃止。
国土交通省,国土交通本省,官庁施設保全等推進費,2,⑧技術的独占対抗・⑨外部効果克服,30%,1,1,大幅縮小,⑧⑨インフラ規制・防災のみ。補助金・特定地域優遇は廃止。
国土交通省,国土交通本省,官庁営繕費,181,⑧技術的独占対抗・⑨外部効果克服,30%,54,127,大幅縮小,⑧⑨インフラ規制・防災のみ。補助金・特定地域優遇は廃止。
国土交通省,国土交通本省,附帯・受託工事費,543,⑧技術的独占対抗・⑨外部効果克服,30%,163,380,大幅縮小,⑧⑨インフラ規制・防災のみ。補助金・特定地域優遇は廃止。
国土交通省,国土交通本省,電気事業者等工事費負担金還付金,30,⑧技術的独占対抗・⑨外部効果克服,30%,9,21,大幅縮小,⑧⑨インフラ規制・防災のみ。補助金・特定地域優遇は廃止。
国土交通省,国土交通本省,治水海岸事業調査諸費,2,⑨外部効果克服,80%,2,0,維持（縮小）,⑨治水は外部効果。
国土交通省,国土交通本省,道路整備事業調査諸費,1,⑧技術的独占対抗・⑨外部効果克服,30%,0,1,大幅縮小,⑧⑨インフラ規制・防災のみ。補助金・特定地域優遇は廃止。
国土交通省,国土交通本省,港湾事業調査諸費,1,⑧技術的独占対抗・⑨外部効果克服,30%,0,1,大幅縮小,⑧⑨インフラ規制・防災のみ。補助金・特定地域優遇は廃止。
国土交通省,国土交通本省,都市開発事業調査諸費,0,⑧技術的独占対抗・⑨外部効果克服,30%,0,0,大幅縮小,⑧⑨インフラ規制・防災のみ。補助金・特定地域優遇は廃止。
国土交通省,国土交通本省,都市水環境整備事業調査諸費,0,⑧技術的独占対抗・⑨外部効果克服,30%,0,0,大幅縮小,⑧⑨インフラ規制・防災のみ。補助金・特定地域優遇は廃止。
国土交通省,国土交通本省,住宅建設事業調査諸費,1,該当なし,0%,0,1,廃止,住宅補助・整備は市場に任せる。低所得者の住宅はNITで対応。
国土交通省,国土交通本省,国営公園等事業調査諸費,0,⑧技術的独占対抗・⑨外部効果克服,30%,0,0,大幅縮小,⑧⑨インフラ規制・防災のみ。補助金・特定地域優遇は廃止。
国土交通省,国土交通本省,上下水道事業調査諸費,1,⑧技術的独占対抗・⑨外部効果克服,30%,0,1,大幅縮小,⑧⑨インフラ規制・防災のみ。補助金・特定地域優遇は廃止。
国土交通省,国土交通本省,河川等災害復旧事業費,234,⑧技術的独占対抗・⑨外部効果克服,30%,70,164,大幅縮小,⑧⑨インフラ規制・防災のみ。補助金・特定地域優遇は廃止。
国土交通省,国土交通本省,住宅施設災害復旧事業費,1,該当なし,0%,0,1,廃止,住宅補助・整備は市場に任せる。低所得者の住宅はNITで対応。
国土交通省,国土交通本省,鉄道施設災害復旧事業費,10,⑧技術的独占対抗・⑨外部効果克服,30%,3,7,大幅縮小,⑧⑨インフラ規制・防災のみ。補助金・特定地域優遇は廃止。
国土交通省,国土交通本省,河川等災害関連事業費,179,⑧技術的独占対抗・⑨外部効果克服,30%,54,125,大幅縮小,⑧⑨インフラ規制・防災のみ。補助金・特定地域優遇は廃止。
国土交通省,国土交通本省,自動車重量税業務取扱費自動車安全特別会計へ繰入,3,⑧技術的独占対抗・⑨外部効果克服,30%,1,2,大幅縮小,⑧⑨インフラ規制・防災のみ。補助金・特定地域優遇は廃止。
国土交通省,国土技術政策総合研究所,国土技術政策総合研究所共通費,34,⑧技術的独占対抗・⑨外部効果克服,30%,10,24,大幅縮小,⑧⑨インフラ規制・防災のみ。補助金・特定地域優遇は廃止。
国土交通省,国土技術政策総合研究所,国土技術政策総合研究所施設費,1,⑧技術的独占対抗・⑨外部効果克服,30%,0,1,大幅縮小,⑧⑨インフラ規制・防災のみ。補助金・特定地域優遇は廃止。
国土交通省,国土技術政策総合研究所,技術研究開発推進費,4,⑧技術的独占対抗・⑨外部効果克服,30%,1,3,大幅縮小,⑧⑨インフラ規制・防災のみ。補助金・特定地域優遇は廃止。
国土交通省,国土技術政策総合研究所,治水海岸事業工事諸費,6,⑨外部効果克服,80%,5,1,維持（縮小）,⑨治水は外部効果。
国土交通省,国土技術政策総合研究所,道路整備事業工事諸費,5,⑧技術的独占対抗・⑨外部効果克服,30%,2,3,大幅縮小,⑧⑨インフラ規制・防災のみ。補助金・特定地域優遇は廃止。
国土交通省,国土技術政策総合研究所,港湾空港整備事業工事諸費,2,⑧技術的独占対抗・⑨外部効果克服,30%,1,1,大幅縮小,⑧⑨インフラ規制・防災のみ。補助金・特定地域優遇は廃止。
国土交通省,国土地理院,国土地理院共通費,53,⑧技術的独占対抗・⑨外部効果克服,30%,16,37,大幅縮小,⑧⑨インフラ規制・防災のみ。補助金・特定地域優遇は廃止。
国土交通省,国土地理院,国土地理院施設費,1,⑧技術的独占対抗・⑨外部効果克服,30%,0,1,大幅縮小,⑧⑨インフラ規制・防災のみ。補助金・特定地域優遇は廃止。
国土交通省,国土地理院,災害情報整備推進費,6,⑧技術的独占対抗・⑨外部効果克服,30%,2,4,大幅縮小,⑧⑨インフラ規制・防災のみ。補助金・特定地域優遇は廃止。
国土交通省,国土地理院,地理空間情報整備・活用等推進費,28,⑧技術的独占対抗・⑨外部効果克服,30%,8,20,大幅縮小,⑧⑨インフラ規制・防災のみ。補助金・特定地域優遇は廃止。
国土交通省,国土地理院,技術研究開発推進費,1,⑧技術的独占対抗・⑨外部効果克服,30%,0,1,大幅縮小,⑧⑨インフラ規制・防災のみ。補助金・特定地域優遇は廃止。
国土交通省,海難審判所,海難審判所共通費,9,⑧技術的独占対抗・⑨外部効果克服,30%,3,6,大幅縮小,⑧⑨インフラ規制・防災のみ。補助金・特定地域優遇は廃止。
国土交通省,海難審判所,海難審判費,0,⑧技術的独占対抗・⑨外部効果克服,30%,0,0,大幅縮小,⑧⑨インフラ規制・防災のみ。補助金・特定地域優遇は廃止。
国土交通省,地方整備局,地方整備局共通費,351,⑧技術的独占対抗・⑨外部効果克服,30%,105,246,大幅縮小,⑧⑨インフラ規制・防災のみ。補助金・特定地域優遇は廃止。
国土交通省,地方整備局,地方整備局施設費,0,⑧技術的独占対抗・⑨外部効果克服,30%,0,0,大幅縮小,⑧⑨インフラ規制・防災のみ。補助金・特定地域優遇は廃止。
国土交通省,地方整備局,地方整備推進費,6,⑧技術的独占対抗・⑨外部効果克服,30%,2,4,大幅縮小,⑧⑨インフラ規制・防災のみ。補助金・特定地域優遇は廃止。
国土交通省,地方整備局,治水海岸事業工事諸費,911,⑨外部効果克服,80%,729,182,維持（縮小）,⑨治水は外部効果。
国土交通省,地方整備局,道路整備事業工事諸費,819,⑧技術的独占対抗・⑨外部効果克服,30%,246,573,大幅縮小,⑧⑨インフラ規制・防災のみ。補助金・特定地域優遇は廃止。
国土交通省,地方整備局,港湾空港整備事業工事諸費,195,⑧技術的独占対抗・⑨外部効果克服,30%,58,137,大幅縮小,⑧⑨インフラ規制・防災のみ。補助金・特定地域優遇は廃止。
国土交通省,地方整備局,都市環境整備事業工事諸費,91,⑧技術的独占対抗・⑨外部効果克服,30%,27,64,大幅縮小,⑧⑨インフラ規制・防災のみ。補助金・特定地域優遇は廃止。
国土交通省,地方整備局,国営公園等事業工事諸費,18,⑧技術的独占対抗・⑨外部効果克服,30%,5,13,大幅縮小,⑧⑨インフラ規制・防災のみ。補助金・特定地域優遇は廃止。
国土交通省,地方整備局,河川等災害復旧事業等工事諸費,11,⑧技術的独占対抗・⑨外部効果克服,30%,3,8,大幅縮小,⑧⑨インフラ規制・防災のみ。補助金・特定地域優遇は廃止。
国土交通省,北海道開発局,北海道開発局共通費,106,該当なし,0%,0,106,廃止,特定地域への開発補助はフリードマン否定。市場による資源配分が優先。
国土交通省,北海道開発局,北海道開発局施設費,0,該当なし,0%,0,0,廃止,特定地域への開発補助はフリードマン否定。市場による資源配分が優先。
国土交通省,北海道開発局,北海道開発行政推進費,1,該当なし,0%,0,1,廃止,特定地域への開発補助はフリードマン否定。市場による資源配分が優先。
国土交通省,北海道開発局,北海道治水海岸事業工事諸費,95,⑨外部効果克服,80%,76,19,維持（縮小）,⑨治水は外部効果。
国土交通省,北海道開発局,北海道道路整備事業工事諸費,166,⑧技術的独占対抗・⑨外部効果克服,30%,50,116,大幅縮小,⑧⑨インフラ規制・防災のみ。補助金・特定地域優遇は廃止。
国土交通省,北海道開発局,北海道港湾空港整備事業工事諸費,26,⑧技術的独占対抗・⑨外部効果克服,30%,8,18,大幅縮小,⑧⑨インフラ規制・防災のみ。補助金・特定地域優遇は廃止。
国土交通省,北海道開発局,北海道都市環境整備事業工事諸費,16,⑧技術的独占対抗・⑨外部効果克服,30%,5,11,大幅縮小,⑧⑨インフラ規制・防災のみ。補助金・特定地域優遇は廃止。
国土交通省,北海道開発局,北海道国営公園等事業工事諸費,1,⑧技術的独占対抗・⑨外部効果克服,30%,0,1,大幅縮小,⑧⑨インフラ規制・防災のみ。補助金・特定地域優遇は廃止。
国土交通省,北海道開発局,北海道農業農村整備事業等工事諸費,91,⑧技術的独占対抗・⑨外部効果克服,30%,27,64,大幅縮小,⑧⑨インフラ規制・防災のみ。補助金・特定地域優遇は廃止。
国土交通省,北海道開発局,北海道災害復旧事業等工事諸費,1,⑧技術的独占対抗・⑨外部効果克服,30%,0,1,大幅縮小,⑧⑨インフラ規制・防災のみ。補助金・特定地域優遇は廃止。
国土交通省,地方運輸局,地方運輸局共通費,223,⑧技術的独占対抗・⑨外部効果克服,30%,67,156,大幅縮小,⑧⑨インフラ規制・防災のみ。補助金・特定地域優遇は廃止。
国土交通省,地方運輸局,地方運輸行政推進費,7,⑧技術的独占対抗・⑨外部効果克服,30%,2,5,大幅縮小,⑧⑨インフラ規制・防災のみ。補助金・特定地域優遇は廃止。
国土交通省,地方航空局,地方航空局共通費,24,⑧技術的独占対抗・⑨外部効果克服,30%,7,17,大幅縮小,⑧⑨インフラ規制・防災のみ。補助金・特定地域優遇は廃止。
国土交通省,地方航空局,地方航空行政推進費,0,⑧技術的独占対抗・⑨外部効果克服,30%,0,0,大幅縮小,⑧⑨インフラ規制・防災のみ。補助金・特定地域優遇は廃止。
国土交通省,観光庁,観光庁共通費,23,該当なし,0%,0,23,廃止,観光振興は産業政策。民間・地方が担う。
国土交通省,観光庁,観光振興費,23,該当なし,0%,0,23,廃止,観光振興は産業政策。民間・地方が担う。
国土交通省,観光庁,国際観光旅客税財源観光振興費,1136,該当なし,0%,0,1136,廃止,観光振興は産業政策。民間・地方が担う。
国土交通省,観光庁,国際観光旅客税財源独立行政法人国立科学博物館施設整備費,8,該当なし,0%,0,8,廃止,観光振興は産業政策。民間・地方が担う。
国土交通省,観光庁,国際観光旅客税財源独立行政法人日本芸術文化振興会施設整備費,1,該当なし,0%,0,1,廃止,観光振興は産業政策。民間・地方が担う。
国土交通省,観光庁,国際観光旅客税財源独立行政法人国立文化財機構施設整備費,13,該当なし,0%,0,13,廃止,観光振興は産業政策。民間・地方が担う。
国土交通省,観光庁,国際観光旅客税財源独立行政法人国立美術館施設整備費,3,該当なし,0%,0,3,廃止,観光振興は産業政策。民間・地方が担う。
国土交通省,観光庁,独立行政法人国際観光振興機構運営費,56,該当なし,0%,0,56,廃止,観光振興は産業政策。民間・地方が担う。
国土交通省,観光庁,国際観光旅客税財源独立行政法人国際観光振興機構運営費,80,該当なし,0%,0,80,廃止,観光振興は産業政策。民間・地方が担う。
国土交通省,気象庁,気象官署共通費,370,⑨外部効果克服,80%,296,74,維持（縮小）,⑨気象観測・予報は公共財（民間が過少供給）。ただし商業気象サービスは民間へ。
国土交通省,気象庁,気象官署施設費,1,⑨外部効果克服,80%,1,0,維持（縮小）,⑨気象観測・予報は公共財（民間が過少供給）。ただし商業気象サービスは民間へ。
国土交通省,気象庁,観測予報等業務費,116,⑧技術的独占対抗・⑨外部効果克服,30%,35,81,大幅縮小,⑧⑨インフラ規制・防災のみ。補助金・特定地域優遇は廃止。
国土交通省,気象庁,気象研究所,31,⑨外部効果克服,80%,25,6,維持（縮小）,⑨気象観測・予報は公共財（民間が過少供給）。ただし商業気象サービスは民間へ。
国土交通省,運輸安全委員会,運輸安全委員会,22,⑧技術的独占対抗・⑨外部効果克服,30%,7,15,大幅縮小,⑧⑨インフラ規制・防災のみ。補助金・特定地域優遇は廃止。
国土交通省,海上保安庁,海上保安官署共通費,1248,①法秩序維持,100%,1248,0,維持,①法と秩序（海上治安・国境警備）は政府の核心機能。
国土交通省,海上保安庁,海上保安官署施設費,53,①法秩序維持,100%,53,0,維持,①法と秩序（海上治安・国境警備）は政府の核心機能。
国土交通省,海上保安庁,船舶交通安全及海上治安対策費,1078,⑧技術的独占対抗・⑨外部効果克服,30%,323,755,大幅縮小,⑧⑨インフラ規制・防災のみ。補助金・特定地域優遇は廃止。
国土交通省,海上保安庁,船舶建造費,316,⑧技術的独占対抗・⑨外部効果克服,30%,95,221,大幅縮小,⑧⑨インフラ規制・防災のみ。補助金・特定地域優遇は廃止。
国土交通省,海上保安庁,船舶交通安全基盤整備事業費,250,⑧技術的独占対抗・⑨外部効果克服,30%,75,175,大幅縮小,⑧⑨インフラ規制・防災のみ。補助金・特定地域優遇は廃止。
国土交通省,海上保安庁,船舶交通安全基盤整備事業工事諸費,8,⑧技術的独占対抗・⑨外部効果克服,30%,2,6,大幅縮小,⑧⑨インフラ規制・防災のみ。補助金・特定地域優遇は廃止。
国土交通省,海上保安庁,船舶交通安全基盤災害復旧事業費,0,⑧技術的独占対抗・⑨外部効果克服,30%,0,0,大幅縮小,⑧⑨インフラ規制・防災のみ。補助金・特定地域優遇は廃止。
国土交通省,海上保安庁,船舶交通安全基盤災害復旧事業工事諸費,0,⑧技術的独占対抗・⑨外部効果克服,30%,0,0,大幅縮小,⑧⑨インフラ規制・防災のみ。補助金・特定地域優遇は廃止。
環境省,環境本省,環境本省共通費,174,⑨外部効果克服,50%,87,87,縮小,⑨環境規制・基準設定は正当。啓発・補助事業は廃止。
環境省,環境本省,環境本省施設費,21,⑨外部効果克服,50%,10,11,縮小,⑨環境規制・基準設定は正当。啓発・補助事業は廃止。
環境省,環境本省,地球温暖化対策推進費,14,⑨外部効果克服,50%,7,7,縮小,⑨環境規制・基準設定は正当。啓発・補助事業は廃止。
環境省,環境本省,石油石炭税財源エネルギー需給構造高度化対策費エネルギー対策特別会計へ繰入,1103,⑨外部効果克服,50%,552,551,縮小,⑨エネルギー消費の環境外部効果（CO2等）。補助ではなく炭素税が効率的。移行期は一部維持。
環境省,環境本省,地球環境保全等試験研究費,2,⑨外部効果克服,50%,1,1,縮小,⑨環境規制・基準設定は正当。啓発・補助事業は廃止。
環境省,環境本省,地球環境保全費,31,⑨外部効果克服,50%,16,15,縮小,⑨環境規制・基準設定は正当。啓発・補助事業は廃止。
環境省,環境本省,大気・水・土壌環境等保全費,53,⑨外部効果克服,50%,26,27,縮小,⑨環境規制・基準設定は正当。啓発・補助事業は廃止。
環境省,環境本省,資源循環政策推進費,100,⑨外部効果克服,50%,50,50,縮小,⑨環境規制・基準設定は正当。啓発・補助事業は廃止。
環境省,環境本省,廃棄物処理施設整備費,376,⑨外部効果克服,70%,263,113,縮小,⑨廃棄物の環境外部効果。施設整備補助から排出者負担原則へ移行。
環境省,環境本省,生物多様性保全費,45,⑨外部効果克服,50%,22,23,縮小,⑨環境規制・基準設定は正当。啓発・補助事業は廃止。
環境省,環境本省,人と自然のふれあい推進費,10,⑨外部効果克服,50%,5,5,縮小,⑨環境規制・基準設定は正当。啓発・補助事業は廃止。
環境省,環境本省,環境保全施設整備費,3,⑨外部効果克服,50%,2,1,縮小,⑨環境規制・基準設定は正当。啓発・補助事業は廃止。
環境省,環境本省,自然公園等事業費,72,⑨外部効果克服,50%,36,36,縮小,⑨環境規制・基準設定は正当。啓発・補助事業は廃止。
環境省,環境本省,化学物質対策推進費,19,⑨外部効果克服,50%,10,9,縮小,⑨環境規制・基準設定は正当。啓発・補助事業は廃止。
環境省,環境本省,環境保健対策推進費,134,⑨外部効果克服,80%,107,27,維持（縮小）,⑨公害・化学物質の健康外部効果への対応は正当機能。
環境省,環境本省,自動車重量税財源公害健康被害補償費,57,⑨外部効果克服,50%,28,29,縮小,⑨環境規制・基準設定は正当。啓発・補助事業は廃止。
環境省,環境本省,環境・経済・社会の統合的向上費,7,⑨外部効果克服,50%,4,3,縮小,⑨環境規制・基準設定は正当。啓発・補助事業は廃止。
環境省,環境本省,環境政策基盤整備費,62,⑨外部効果克服,50%,31,31,縮小,⑨環境規制・基準設定は正当。啓発・補助事業は廃止。
環境省,環境本省,環境調査研修所,13,⑨外部効果克服,50%,6,7,縮小,⑨環境規制・基準設定は正当。啓発・補助事業は廃止。
環境省,環境本省,独立行政法人環境再生保全機構運営費,77,⑨外部効果克服,50%,38,39,縮小,⑨環境規制・基準設定は正当。啓発・補助事業は廃止。
環境省,環境本省,国立研究開発法人国立環境研究所運営費,171,⑨外部効果克服,50%,86,85,縮小,⑨環境規制・基準設定は正当。啓発・補助事業は廃止。
環境省,環境本省,国立研究開発法人国立環境研究所施設整備費,26,⑨外部効果克服,50%,13,13,縮小,⑨環境規制・基準設定は正当。啓発・補助事業は廃止。
環境省,環境本省,地域脱炭素推進費,5,⑨外部効果克服,50%,2,3,縮小,⑨環境規制・基準設定は正当。啓発・補助事業は廃止。
環境省,環境本省,石綿健康被害救済事務費労働保険特別会計へ繰入,3,⑨外部効果克服,50%,2,1,縮小,⑨環境規制・基準設定は正当。啓発・補助事業は廃止。
環境省,環境本省,自然公園等事業工事諸費,6,⑨外部効果克服,50%,3,3,縮小,⑨環境規制・基準設定は正当。啓発・補助事業は廃止。
環境省,環境本省,廃棄物処理施設整備事業調査諸費,0,⑨外部効果克服,70%,0,0,縮小,⑨廃棄物の環境外部効果。施設整備補助から排出者負担原則へ移行。
環境省,環境本省,自然公園等施設災害復旧事業費,0,⑨外部効果克服,50%,0,0,縮小,⑨環境規制・基準設定は正当。啓発・補助事業は廃止。
環境省,環境本省,廃棄物処理施設災害復旧事業費,0,⑨外部効果克服,70%,0,0,縮小,⑨廃棄物の環境外部効果。施設整備補助から排出者負担原則へ移行。
環境省,地方環境事務所,地方環境事務所共通費,62,⑨外部効果克服,50%,31,31,縮小,⑨環境規制・基準設定は正当。啓発・補助事業は廃止。
環境省,地方環境事務所,地方環境事務所施設費,0,⑨外部効果克服,50%,0,0,縮小,⑨環境規制・基準設定は正当。啓発・補助事業は廃止。
環境省,地方環境事務所,地方環境対策費,26,⑨外部効果克服,50%,13,13,縮小,⑨環境規制・基準設定は正当。啓発・補助事業は廃止。
環境省,原子力規制委員会,原子力規制委員会共通費,51,⑨外部効果克服,100%,51,0,維持,⑨原子力安全規制は典型的な外部効果問題。民間には任せられない。
環境省,原子力規制委員会,原子力規制委員会施設費,23,⑨外部効果克服,100%,23,0,維持,⑨原子力安全規制は典型的な外部効果問題。民間には任せられない。
環境省,原子力規制委員会,原子力安全確保費,47,⑨外部効果克服,50%,24,23,縮小,⑨環境規制・基準設定は正当。啓発・補助事業は廃止。
環境省,原子力規制委員会,放射能調査研究費,12,⑨外部効果克服,50%,6,6,縮小,⑨環境規制・基準設定は正当。啓発・補助事業は廃止。
環境省,原子力規制委員会,電源開発促進税財源電源利用対策及原子力安全規制対策費エネルギー対策特別会計へ繰入,350,⑨外部効果克服,50%,175,175,縮小,⑨エネルギー消費の環境外部効果（CO2等）。補助ではなく炭素税が効率的。移行期は一部維持。
防衛省,防衛本省,防衛本省共通費,8517,①法秩序維持,100%,8517,0,維持,①法と秩序（外部安全保障）はフリードマンも認める核心的政府機能。
防衛省,防衛本省,防衛本省施設費,20,①法秩序維持,100%,20,0,維持,①法と秩序（外部安全保障）はフリードマンも認める核心的政府機能。
防衛省,防衛本省,自衛官給与費,15894,①法秩序維持,100%,15894,0,維持,①法と秩序（外部安全保障）はフリードマンも認める核心的政府機能。
防衛省,防衛本省,防衛力基盤強化推進費,9221,①法秩序維持,100%,9221,0,維持,①法と秩序（外部安全保障）はフリードマンも認める核心的政府機能。
防衛省,防衛本省,防衛力基盤強化施設整備費,2589,①法秩序維持,100%,2589,0,維持,①法と秩序（外部安全保障）はフリードマンも認める核心的政府機能。
防衛省,防衛本省,武器車両等整備費,21543,①法秩序維持,100%,21543,0,維持,①法と秩序（外部安全保障）はフリードマンも認める核心的政府機能。
防衛省,防衛本省,艦船整備費,3304,①法秩序維持,100%,3304,0,維持,①法と秩序（外部安全保障）はフリードマンも認める核心的政府機能。
防衛省,防衛本省,艦船建造費,1218,①法秩序維持,100%,1218,0,維持,①法と秩序（外部安全保障）はフリードマンも認める核心的政府機能。
防衛省,防衛本省,航空機整備費,12207,①法秩序維持,100%,12207,0,維持,①法と秩序（外部安全保障）はフリードマンも認める核心的政府機能。
防衛省,防衛本省,令和4年度甲Ⅴ型警備艦建造費,165,①法秩序維持,100%,165,0,維持,①法と秩序（外部安全保障）はフリードマンも認める核心的政府機能。
防衛省,防衛本省,令和4年度潜水艦建造費,165,①法秩序維持,100%,165,0,維持,①法と秩序（外部安全保障）はフリードマンも認める核心的政府機能。
防衛省,防衛本省,令和5年度甲Ⅴ型警備艦建造費,306,①法秩序維持,100%,306,0,維持,①法と秩序（外部安全保障）はフリードマンも認める核心的政府機能。
防衛省,防衛本省,令和5年度潜水艦建造費,96,①法秩序維持,100%,96,0,維持,①法と秩序（外部安全保障）はフリードマンも認める核心的政府機能。
防衛省,防衛本省,令和6年度甲Ⅴ型警備艦建造費,371,①法秩序維持,100%,371,0,維持,①法と秩序（外部安全保障）はフリードマンも認める核心的政府機能。
防衛省,防衛本省,令和6年度甲Ⅵ型警備艦建造費,288,①法秩序維持,100%,288,0,維持,①法と秩序（外部安全保障）はフリードマンも認める核心的政府機能。
防衛省,防衛本省,令和6年度潜水艦建造費,283,①法秩序維持,100%,283,0,維持,①法と秩序（外部安全保障）はフリードマンも認める核心的政府機能。
防衛省,防衛本省,令和7年度甲Ⅴ型警備艦建造費,315,①法秩序維持,100%,315,0,維持,①法と秩序（外部安全保障）はフリードマンも認める核心的政府機能。
防衛省,防衛本省,令和7年度潜水艦建造費,41,①法秩序維持,100%,41,0,維持,①法と秩序（外部安全保障）はフリードマンも認める核心的政府機能。
防衛省,防衛本省,令和8年度甲Ⅴ型警備艦建造費,45,①法秩序維持,100%,45,0,維持,①法と秩序（外部安全保障）はフリードマンも認める核心的政府機能。
防衛省,防衛本省,令和8年度潜水艦建造費,20,①法秩序維持,100%,20,0,維持,①法と秩序（外部安全保障）はフリードマンも認める核心的政府機能。
防衛省,防衛本省,在日米軍等駐留関連諸費,4029,①法秩序維持,100%,4029,0,維持,①法と秩序（外部安全保障）はフリードマンも認める核心的政府機能。
防衛省,防衛本省,独立行政法人駐留軍等労働者労務管理機構運営費,39,①法秩序維持,100%,39,0,維持,①法と秩序（外部安全保障）はフリードマンも認める核心的政府機能。
防衛省,防衛本省,安全保障協力推進費,6,①法秩序維持,100%,6,0,維持,①法と秩序（外部安全保障）はフリードマンも認める核心的政府機能。
防衛省,地方防衛局,地方防衛局,232,①法秩序維持,100%,232,0,維持,①法と秩序（外部安全保障）はフリードマンも認める核心的政府機能。
防衛省,地方防衛局,地方防衛局施設費,1,①法秩序維持,100%,1,0,維持,①法と秩序（外部安全保障）はフリードマンも認める核心的政府機能。
防衛省,防衛装備庁,防衛装備庁共通費,276,①法秩序維持,100%,276,0,維持,①法と秩序（外部安全保障）はフリードマンも認める核心的政府機能。
防衛省,防衛装備庁,防衛力基盤強化推進費,8605,①法秩序維持,100%,8605,0,維持,①法と秩序（外部安全保障）はフリードマンも認める核心的政府機能。
防衛省,防衛装備庁,防衛力基盤強化施設整備費,50,①法秩序維持,100%,50,0,維持,①法と秩序（外部安全保障）はフリードマンも認める核心的政府機能。
【合計】,,,1223090,,,590912,632178,,
