特別会計,勘定,款名,目名,元額_億円,除外,フリードマン根拠,残存割合,残す額_億円,措置,理由
交付税及び譲与税配付金,,地方交付税交付金,地方交付税交付金,202304,False,[],0.5,101152,半減,地方財政改革とセット。即時廃止はしない
交付税及び譲与税配付金,,地方特例交付金,個人住民税減収補填特例交付金,1653,False,[],0.0,0,廃止,フラットタックス導入後は不要
交付税及び譲与税配付金,,地方特例交付金,軽油引取税減収補填特例交付金,4297,False,[],0.0,0,廃止,自動車重量税廃止に連動
交付税及び譲与税配付金,,地方特例交付金,自動車税減収補填特例交付金,1685,False,[],0.0,0,廃止,廃止
交付税及び譲与税配付金,,地方特例交付金,軽自動車税減収補填特例交付金,207,False,[],0.0,0,廃止,廃止
交付税及び譲与税配付金,,地方特例交付金,地方揮発油譲与税減収補填特例交付金,296,False,[],0.0,0,廃止,廃止
交付税及び譲与税配付金,,地方特例交付金,固定資産税減収補填特別交付金,18,False,[],0.0,0,廃止,廃止
交付税及び譲与税配付金,,交通安全対策特別交付金,交通安全対策特別交付金,438,False,[9],1.0,438,維持,⑨外部効果（事故補償）
交付税及び譲与税配付金,,地方譲与税譲与金,地方揮発油譲与税譲与金,1780,False,[],0.0,0,廃止,廃止
交付税及び譲与税配付金,,地方譲与税譲与金,森林環境譲与税譲与金,666,False,[9],0.5,333,半減,⑨CO2吸収外部効果あり。炭素税代替で縮小
交付税及び譲与税配付金,,地方譲与税譲与金,石油ガス譲与税譲与金,40,False,[],0.0,0,廃止,廃止
交付税及び譲与税配付金,,地方譲与税譲与金,特別法人事業譲与税譲与金,26016,False,[],0.0,0,廃止,フラットタックス（法人税統合）導入で廃止
交付税及び譲与税配付金,,地方譲与税譲与金,自動車重量譲与税譲与金,3172,False,[],0.0,0,廃止,自動車重量税廃止に連動
交付税及び譲与税配付金,,地方譲与税譲与金,航空機燃料譲与税譲与金,145,False,[],0.0,0,廃止,廃止
交付税及び譲与税配付金,,地方譲与税譲与金,特別とん譲与税譲与金,113,False,[],0.0,0,廃止,廃止
交付税及び譲与税配付金,,事務取扱費,職員旅費,0,False,[],0.4,0,縮小,管理費縮小
交付税及び譲与税配付金,,事務取扱費,地方交付税検査旅費,0,False,[],0.4,0,縮小,管理費縮小
交付税及び譲与税配付金,,事務取扱費,庁費,0,False,[],0.4,0,縮小,管理費縮小
交付税及び譲与税配付金,,事務取扱費,情報処理業務庁費,0,False,[],0.4,0,縮小,管理費縮小
交付税及び譲与税配付金,,事務取扱費,地方交付税算定等業務委託費,2,False,[],0.4,0,縮小,交付税縮小後は縮小
交付税及び譲与税配付金,,事務取扱費,国家公務員共済組合負担金,0,False,[],0.4,0,縮小,管理費縮小
交付税及び譲与税配付金,,諸支出金,通告書送付費支出金,2,False,[],0.4,0,縮小,縮小
交付税及び譲与税配付金,,諸支出金,賠償償還及払戻金,0,False,[5],1.0,0,維持,⑤返還義務
交付税及び譲与税配付金,,国債整理基金特別会計へ繰入,国債整理基金特別会計へ繰入,267789,True,—,0.0,0,除外（純計外）,特別会計間繰入。純計から除外
交付税及び譲与税配付金,,予備費,(予備費),25,False,[],0.2,5,縮小,予備費は縮小
地震再保険,,再保険費,再保険金,1262,False,[9],1.0,1262,維持,⑨巨大地震リスクは市場失敗。政府再保険として維持
地震再保険,,事務取扱費,職員基本給,0,False,[9],0.8,0,縮小,⑨管理費は縮小
地震再保険,,事務取扱費,職員諸手当,0,False,[9],0.8,0,縮小,⑨管理費は縮小
地震再保険,,事務取扱費,超過勤務手当,0,False,[9],0.8,0,縮小,⑨管理費は縮小
地震再保険,,事務取扱費,委員手当,0,False,[9],0.8,0,縮小,⑨管理費は縮小
地震再保険,,事務取扱費,退職手当,0,False,[9],0.8,0,縮小,⑨管理費は縮小
地震再保険,,事務取扱費,児童手当,0,False,[9],0.8,0,縮小,⑨管理費は縮小
地震再保険,,事務取扱費,諸謝金,0,False,[9],0.8,0,縮小,⑨管理費は縮小
地震再保険,,事務取扱費,職員旅費,0,False,[9],0.8,0,縮小,⑨管理費は縮小
地震再保険,,事務取扱費,赴任旅費,0,False,[9],0.8,0,縮小,⑨管理費は縮小
地震再保険,,事務取扱費,委員等旅費,0,False,[9],0.8,0,縮小,⑨管理費は縮小
地震再保険,,事務取扱費,庁費,0,False,[9],0.8,0,縮小,⑨管理費は縮小
地震再保険,,事務取扱費,情報処理業務庁費,0,False,[9],0.8,0,縮小,⑨管理費は縮小
地震再保険,,事務取扱費,国家公務員共済組合負担金,0,False,[9],0.8,0,縮小,⑨管理費は縮小
地震再保険,,予備費,(予備費),0,False,[9],0.8,0,縮小,⑨管理費は縮小
国債整理基金,,国債整理支出,証書等製造費,1,False,[2],0.5,0,縮小,管理費
国債整理基金,,国債整理支出,国債事務取扱手数料,311,False,[2],0.8,248,縮小,管理費。効率化余地あり
国債整理基金,,国債整理支出,賠償償還及払戻金,10,False,[5],1.0,10,維持,⑤契約履行
国債整理基金,,国債整理支出,貨幣交換差減補填金,0,False,[7],1.0,0,維持,⑦貨幣制度管理
国債整理基金,,国債整理支出,売却及償還差額補填金,2490,False,"[2, 5]",1.0,2490,維持,既存債務の差額補填。契約義務
国債整理基金,,国債整理支出,債務償還費,2043632,False,"[2, 5]",0.1,204363,縮小,借換分(~90%)は実質コストゼロ。純粋元金償還分のみ
国債整理基金,,国債整理支出,利子及割引料,164598,False,"[2, 5]",1.0,164598,維持,真の利子コスト16.5兆円。契約履行義務
国債整理基金,,復興債整理支出,国債事務取扱手数料,0,False,"[2, 5]",0.1,0,縮小,未分類
国債整理基金,,復興債整理支出,株式売払手数料,0,False,"[2, 5]",0.1,0,縮小,未分類
国債整理基金,,復興債整理支出,売却及償還差額補填金,26,False,"[2, 5]",1.0,26,維持,差額補填
国債整理基金,,復興債整理支出,債務償還費,29540,False,"[2, 5]",0.1,2954,縮小,借換分除く純粋元金償還
国債整理基金,,復興債整理支出,利子及割引料,483,False,"[2, 5]",1.0,483,維持,復興債利子
国債整理基金,,脱炭素成長型経済構造移行債整理支出,国債事務取扱手数料,0,False,"[2, 5]",0.1,0,縮小,未分類
国債整理基金,,脱炭素成長型経済構造移行債整理支出,売却及償還差額補填金,28,False,"[2, 5]",0.1,2,縮小,未分類
国債整理基金,,脱炭素成長型経済構造移行債整理支出,債務償還費,6364,False,"[2, 5]",0.1,636,縮小,借換分除く
国債整理基金,,脱炭素成長型経済構造移行債整理支出,利子及割引料,795,False,"[2, 5]",1.0,795,維持,GX債利子
外国為替資金,,事務取扱費,職員基本給,2,False,[7],0.4,0,縮小,管理費縮小
外国為替資金,,事務取扱費,職員諸手当,1,False,[7],0.4,0,縮小,管理費縮小
外国為替資金,,事務取扱費,超過勤務手当,0,False,[7],0.4,0,縮小,管理費縮小
外国為替資金,,事務取扱費,退職手当,0,False,[7],0.4,0,縮小,管理費縮小
外国為替資金,,事務取扱費,児童手当,0,False,[7],0.4,0,縮小,管理費縮小
外国為替資金,,事務取扱費,諸謝金,0,False,[7],0.4,0,縮小,管理費縮小
外国為替資金,,事務取扱費,職員旅費,2,False,[7],0.4,0,縮小,管理費縮小
外国為替資金,,事務取扱費,赴任旅費,0,False,[7],0.4,0,縮小,管理費縮小
外国為替資金,,事務取扱費,委員等旅費,0,False,[7],0.4,0,縮小,管理費縮小
外国為替資金,,事務取扱費,庁費,7,False,[7],0.4,2,縮小,管理費縮小
外国為替資金,,事務取扱費,情報処理業務庁費,36,False,[7],0.3,10,縮小,IT縮小
外国為替資金,,事務取扱費,国家公務員共済組合負担金,0,False,[7],0.4,0,縮小,管理費縮小
外国為替資金,,事務取扱費,賠償償還及払戻金,0,False,[7],0.4,0,縮小,管理費縮小
外国為替資金,,事務取扱費,貨幣交換差減補填金,1,False,[7],0.4,0,縮小,管理費縮小
外国為替資金,,諸支出金,立替電信料,0,False,[7],0.5,0,縮小,縮小
外国為替資金,,諸支出金,手数料,196,False,[7],0.5,98,縮小,管理手数料
外国為替資金,,諸支出金,外国為替事務取扱手数料,1,False,[7],0.5,0,縮小,縮小
外国為替資金,,諸支出金,償還差額補填金,2200,False,[7],1.0,2200,維持,⑦契約上の差額補填義務
外国為替資金,,諸支出金,払戻金,0,False,[7],0.5,0,縮小,縮小
外国為替資金,,諸支出金,支払利子,21,False,[7],1.0,21,維持,既存契約上の利子支払い
外国為替資金,,融通証券事務取扱費一般会計へ繰入,一般会計へ繰入,0,True,—,0.0,0,除外（純計外）,特別会計間繰入。純計から除外
外国為替資金,,国債整理基金特別会計へ繰入,国債整理基金特別会計へ繰入,14260,True,—,0.0,0,除外（純計外）,特別会計間繰入。純計から除外
外国為替資金,,予備費,(予備費),3000,False,[7],0.3,900,縮小,⑦貨幣制度管理の予備費。縮小
財政投融資,財政融資資金勘定,財政融資資金へ繰入,財政融資資金へ繰入,130000,True,—,0.0,0,除外（純計外）,特別会計間繰入。純計から除外
財政投融資,財政融資資金勘定,事務取扱費,職員基本給,16,False,[],0.3,4,縮小,縮小
財政投融資,財政融資資金勘定,事務取扱費,職員諸手当,8,False,[],0.3,2,縮小,縮小
財政投融資,財政融資資金勘定,事務取扱費,超過勤務手当,1,False,[],0.3,0,縮小,縮小
財政投融資,財政融資資金勘定,事務取扱費,委員手当,0,False,[],0.3,0,縮小,縮小
財政投融資,財政融資資金勘定,事務取扱費,非常勤職員手当,5,False,[],0.3,1,縮小,縮小
財政投融資,財政融資資金勘定,事務取扱費,休職者給与,0,False,[],0.3,0,縮小,縮小
財政投融資,財政融資資金勘定,事務取扱費,公務災害補償費,0,False,[],0.3,0,縮小,縮小
財政投融資,財政融資資金勘定,事務取扱費,退職手当,1,False,[],0.3,0,縮小,縮小
財政投融資,財政融資資金勘定,事務取扱費,児童手当,0,False,[],0.3,0,縮小,縮小
財政投融資,財政融資資金勘定,事務取扱費,諸謝金,0,False,[],0.3,0,縮小,縮小
財政投融資,財政融資資金勘定,事務取扱費,職員旅費,0,False,[],0.3,0,縮小,縮小
財政投融資,財政融資資金勘定,事務取扱費,融資先調査及検査旅費,0,False,[],0.3,0,縮小,縮小
財政投融資,財政融資資金勘定,事務取扱費,赴任旅費,0,False,[],0.3,0,縮小,縮小
財政投融資,財政融資資金勘定,事務取扱費,委員等旅費,0,False,[],0.3,0,縮小,縮小
財政投融資,財政融資資金勘定,事務取扱費,庁費,2,False,[],0.3,0,縮小,縮小
財政投融資,財政融資資金勘定,事務取扱費,情報処理業務庁費,25,False,[],0.3,7,縮小,縮小
財政投融資,財政融資資金勘定,事務取扱費,通信専用料,0,False,[],0.3,0,縮小,縮小
財政投融資,財政融資資金勘定,事務取扱費,電子計算機等借料,6,False,[],0.3,1,縮小,縮小
財政投融資,財政融資資金勘定,事務取扱費,国家公務員共済組合負担金,5,False,[],0.3,1,縮小,縮小
財政投融資,財政融資資金勘定,事務取扱費,賠償償還及払戻金,0,False,[5],1.0,0,維持,⑤返還義務
財政投融資,財政融資資金勘定,事務取扱費,貨幣交換差減補填金,0,False,[],0.3,0,縮小,縮小
財政投融資,財政融資資金勘定,事務取扱費,一般会計へ繰入,0,True,—,0.0,0,除外（純計外）,特別会計間繰入。純計から除外
財政投融資,財政融資資金勘定,諸支出金,運用手数料,0,False,[],0.0,0,廃止,廃止
財政投融資,財政融資資金勘定,諸支出金,売却及償還差額補填金,905,False,[5],1.0,905,維持,⑤既存契約上の補填義務
財政投融資,財政融資資金勘定,諸支出金,預託金利子,4572,False,[],0.0,0,廃止,財投廃止で預託金なし
財政投融資,財政融資資金勘定,諸支出金,支払利子,450,False,[],0.0,0,廃止,財投廃止で支払利子なし
財政投融資,財政融資資金勘定,公債等事務取扱費一般会計へ繰入,一般会計へ繰入,0,True,—,0.0,0,除外（純計外）,特別会計間繰入。純計から除外
財政投融資,財政融資資金勘定,国債整理基金特別会計へ繰入,国債整理基金特別会計へ繰入,130759,True,—,0.0,0,除外（純計外）,特別会計間繰入。純計から除外
財政投融資,財政融資資金勘定,予備費,(予備費),0,False,[],0.2,0,縮小,縮小
財政投融資,財政融資資金勘定,産業投資支出,出資金,5003,False,[],0.0,0,廃止,産業補助・出資廃止
財政投融資,財政融資資金勘定,事務取扱費,職員基本給,0,False,[],0.3,0,縮小,縮小
財政投融資,財政融資資金勘定,事務取扱費,職員諸手当,0,False,[],0.3,0,縮小,縮小
財政投融資,財政融資資金勘定,事務取扱費,超過勤務手当,0,False,[],0.3,0,縮小,縮小
財政投融資,財政融資資金勘定,事務取扱費,児童手当,0,False,[],0.3,0,縮小,縮小
財政投融資,財政融資資金勘定,事務取扱費,諸謝金,0,False,[],0.3,0,縮小,縮小
財政投融資,財政融資資金勘定,事務取扱費,職員旅費,0,False,[],0.3,0,縮小,縮小
財政投融資,財政融資資金勘定,事務取扱費,委員等旅費,0,False,[],0.3,0,縮小,縮小
財政投融資,財政融資資金勘定,事務取扱費,庁費,0,False,[],0.3,0,縮小,縮小
財政投融資,財政融資資金勘定,事務取扱費,情報処理業務庁費,0,False,[],0.3,0,縮小,縮小
財政投融資,財政融資資金勘定,事務取扱費,国有財産管理処分庁費,0,False,[],0.3,0,縮小,縮小
財政投融資,財政融資資金勘定,事務取扱費,産業投資業務庁費,1,False,[],0.0,0,廃止,廃止
財政投融資,財政融資資金勘定,事務取扱費,国家公務員共済組合負担金,0,False,[],0.3,0,縮小,縮小
財政投融資,財政融資資金勘定,事務取扱費,賠償償還及払戻金,0,False,[5],1.0,0,維持,⑤返還義務
財政投融資,財政融資資金勘定,事務取扱費,貨幣交換差減補填金,0,False,[],0.3,0,縮小,縮小
財政投融資,財政融資資金勘定,地方公共団体金融機構納付金収入交付税及び譲与税配付金特別会計へ繰入,交付税及び譲与税配付金特別会計へ繰入,2000,True,—,0.0,0,除外（純計外）,特別会計間繰入。純計から除外
財政投融資,財政融資資金勘定,先端半導体・人工知能関連技術対策エネルギー対策特別会計へ繰入,エネルギー対策特別会計先端半導体・人工知能関連技術勘定へ繰入,578,True,—,0.0,0,除外（純計外）,特別会計間繰入。純計から除外
財政投融資,財政融資資金勘定,国債整理基金特別会計へ繰入,国債整理基金特別会計へ繰入,0,True,—,0.0,0,除外（純計外）,特別会計間繰入。純計から除外
財政投融資,財政融資資金勘定,予備費,(予備費),1,False,[],0.2,0,縮小,縮小
財政投融資,財政融資資金勘定,特定国有財産整備費,特定施設整備費,35,False,[2],0.5,17,半減,財産権保護の範囲内で最小限維持
財政投融資,財政融資資金勘定,事務取扱費,諸謝金,0,False,[],0.3,0,縮小,縮小
財政投融資,財政融資資金勘定,事務取扱費,職員旅費,0,False,[],0.3,0,縮小,縮小
財政投融資,財政融資資金勘定,事務取扱費,委員等旅費,0,False,[],0.3,0,縮小,縮小
財政投融資,財政融資資金勘定,事務取扱費,庁費,5,False,[],0.3,1,縮小,縮小
財政投融資,財政融資資金勘定,事務取扱費,情報処理業務庁費,0,False,[],0.3,0,縮小,縮小
財政投融資,財政融資資金勘定,事務取扱費,土地建物借料,0,False,[],0.3,0,縮小,縮小
財政投融資,財政融資資金勘定,事務取扱費,消費税,0,False,[],0.3,0,縮小,縮小
財政投融資,財政融資資金勘定,事務取扱費,国家公務員共済組合負担金,0,False,[],0.3,0,縮小,縮小
財政投融資,財政融資資金勘定,事務取扱費,国有資産所在市町村交付金,0,False,[],0.3,0,縮小,縮小
財政投融資,財政融資資金勘定,事務取扱費,賠償償還及払戻金,2,False,[5],1.0,2,維持,⑤返還義務
エネルギー対策,エネルギー需給勘定,燃料安定供給対策費,国家備蓄石油増強対策事業費,1066,False,[9],0.8,852,縮小,⑨エネルギー安全保障として維持
エネルギー対策,エネルギー需給勘定,燃料安定供給対策費,土地借料,0,False,[9],0.3,0,縮小,エネルギー安全保障範囲内で縮小
エネルギー対策,エネルギー需給勘定,燃料安定供給対策費,株式売払手数料,0,False,[9],0.3,0,縮小,エネルギー安全保障範囲内で縮小
エネルギー対策,エネルギー需給勘定,燃料安定供給対策費,石油製品需給適正化調査等委託費,20,False,[9],0.3,6,縮小,最小限の市場監視
エネルギー対策,エネルギー需給勘定,燃料安定供給対策費,石油天然ガス基礎調査等委託費,236,False,[9],0.5,118,縮小,⑨基礎調査は一部維持
エネルギー対策,エネルギー需給勘定,燃料安定供給対策費,国家備蓄石油管理等委託費,745,False,[9],0.8,596,縮小,⑨備蓄管理
エネルギー対策,エネルギー需給勘定,燃料安定供給対策費,産油国等連携強化促進事業費補助金,104,False,[],0.0,0,廃止,産業政策廃止
エネルギー対策,エネルギー需給勘定,燃料安定供給対策費,石油精製合理化対策事業費等補助金,3,False,[9],0.3,0,縮小,エネルギー安全保障範囲内で縮小
エネルギー対策,エネルギー需給勘定,燃料安定供給対策費,石油製品品質確保事業費補助金,11,False,[9],0.3,3,縮小,エネルギー安全保障範囲内で縮小
エネルギー対策,エネルギー需給勘定,燃料安定供給対策費,石油製品販売業構造改善対策事業費等補助金,109,False,[],0.0,0,廃止,産業補助廃止
エネルギー対策,エネルギー需給勘定,燃料安定供給対策費,大規模石油災害対応体制整備事業費補助金,7,False,[9],0.3,2,縮小,エネルギー安全保障範囲内で縮小
エネルギー対策,エネルギー需給勘定,燃料安定供給対策費,石油資源採掘対策事業費補助金,19,False,[9],0.3,5,縮小,エネルギー安全保障範囲内で縮小
エネルギー対策,エネルギー需給勘定,燃料安定供給対策費,石油貯蔵施設立地対策等交付金,51,False,[],0.0,0,廃止,地域補償廃止
エネルギー対策,エネルギー需給勘定,燃料安定供給対策費,国有資産所在市町村交付金,48,False,[],0.0,0,廃止,廃止
エネルギー対策,エネルギー需給勘定,燃料安定供給対策費,石油・石油ガス備蓄増強等利子補給金,64,False,[9],0.5,32,縮小,⑨備蓄のみ
エネルギー対策,エネルギー需給勘定,燃料安定供給対策費,石油備蓄事業補給金,260,False,[9],0.8,208,縮小,⑨備蓄補給
エネルギー対策,エネルギー需給勘定,燃料安定供給対策費,国際エネルギー機関等拠出金,5,False,[9],0.3,1,縮小,エネルギー安全保障範囲内で縮小
エネルギー対策,エネルギー需給勘定,エネルギー需給構造高度化対策費,非化石エネルギー等導入促進対策調査等委託費,83,False,[],0.0,0,廃止,廃止
エネルギー対策,エネルギー需給勘定,エネルギー需給構造高度化対策費,エネルギー使用合理化設備導入促進対策調査等委託費,174,False,[],0.0,0,廃止,廃止
エネルギー対策,エネルギー需給勘定,エネルギー需給構造高度化対策費,温暖化対策調査等委託費,27,False,[],0.0,0,廃止,廃止
エネルギー対策,エネルギー需給勘定,エネルギー需給構造高度化対策費,二酸化炭素排出抑制対策事業等委託費,343,False,[],0.0,0,廃止,廃止
エネルギー対策,エネルギー需給勘定,エネルギー需給構造高度化対策費,非化石エネルギー等導入促進対策費補助金,340,False,[],0.0,0,廃止,廃止
エネルギー対策,エネルギー需給勘定,エネルギー需給構造高度化対策費,エネルギー使用合理化設備導入促進等対策費補助金,201,False,[],0.0,0,廃止,廃止
エネルギー対策,エネルギー需給勘定,エネルギー需給構造高度化対策費,温暖化対策促進事業費補助金,0,False,[],0.0,0,廃止,廃止
エネルギー対策,エネルギー需給勘定,エネルギー需給構造高度化対策費,二酸化炭素排出抑制対策事業費等補助金,850,False,[],0.0,0,廃止,補助金廃止。炭素税で代替
エネルギー対策,エネルギー需給勘定,エネルギー需給構造高度化対策費,二酸化炭素排出抑制対策事業費交付金,292,False,[],0.0,0,廃止,廃止
エネルギー対策,エネルギー需給勘定,エネルギー需給構造高度化対策費,エネルギー使用合理化特定設備等資金利子補給金,0,False,[],0.0,0,廃止,廃止
エネルギー対策,エネルギー需給勘定,エネルギー需給構造高度化対策費,国際再生可能エネルギー機関分担金,2,False,[],0.0,0,廃止,廃止
エネルギー対策,エネルギー需給勘定,エネルギー需給構造高度化対策費,国際エネルギー機関等拠出金,28,False,[],0.0,0,廃止,廃止
エネルギー対策,エネルギー需給勘定,脱炭素成長型経済構造移行推進対策費,諸謝金,0,False,[],0.0,0,廃止,廃止
エネルギー対策,エネルギー需給勘定,脱炭素成長型経済構造移行推進対策費,職員旅費,0,False,[],0.0,0,廃止,廃止
エネルギー対策,エネルギー需給勘定,脱炭素成長型経済構造移行推進対策費,委員等旅費,0,False,[],0.0,0,廃止,廃止
エネルギー対策,エネルギー需給勘定,脱炭素成長型経済構造移行推進対策費,庁費,0,False,[],0.0,0,廃止,廃止
エネルギー対策,エネルギー需給勘定,脱炭素成長型経済構造移行推進対策費,脱炭素成長型経済構造移行推進対策委託費,27,False,[],0.0,0,廃止,廃止
エネルギー対策,エネルギー需給勘定,脱炭素成長型経済構造移行推進対策費,脱炭素成長型経済構造移行推進対策費補助金,4085,False,[],0.0,0,廃止,産業補助金廃止。炭素税で代替
エネルギー対策,エネルギー需給勘定,脱炭素成長型経済構造移行推進対策費,脱炭素成長型経済構造移行推進対策費交付金,75,False,[],0.0,0,廃止,廃止
エネルギー対策,エネルギー需給勘定,脱炭素成長型経済構造移行推進対策費,脱炭素成長型経済構造移行推進機構交付金,22,False,[],0.0,0,廃止,廃止
エネルギー対策,エネルギー需給勘定,国立研究開発法人新エネルギー・産業技術総合開発機構運営費,国立研究開発法人新エネルギー・産業技術総合開発機構エネルギー需給勘定運営費交付金,891,False,[],0.0,0,廃止,NEDO廃止
エネルギー対策,エネルギー需給勘定,脱炭素成長型経済構造移行推進国立研究開発法人新エネルギー・産業技術総合開発機構運営費,国立研究開発法人新エネルギー・産業技術総合開発機構エネルギー需給勘定運営費交付金,121,False,[],0.0,0,廃止,NEDO廃止
エネルギー対策,エネルギー需給勘定,独立行政法人エネルギー・金属鉱物資源機構運営費,独立行政法人エネルギー・金属鉱物資源機構石油天然ガス等勘定運営費交付金,448,False,[],0.0,0,廃止,資源確保の国策投資廃止
エネルギー対策,エネルギー需給勘定,独立行政法人エネルギー・金属鉱物資源機構出資,独立行政法人エネルギー・金属鉱物資源機構出資金,428,False,[],0.0,0,廃止,廃止
エネルギー対策,エネルギー需給勘定,脱炭素成長型経済構造移行推進機構出資,脱炭素成長型経済構造移行推進機構出資金,100,False,[],0.0,0,廃止,廃止
エネルギー対策,エネルギー需給勘定,事務取扱費,職員基本給,2,False,[],0.4,0,縮小,管理費縮小
エネルギー対策,エネルギー需給勘定,事務取扱費,職員諸手当,1,False,[],0.4,0,縮小,管理費縮小
エネルギー対策,エネルギー需給勘定,事務取扱費,超過勤務手当,0,False,[],0.4,0,縮小,管理費縮小
エネルギー対策,エネルギー需給勘定,事務取扱費,休職者給与,0,False,[],0.4,0,縮小,管理費縮小
エネルギー対策,エネルギー需給勘定,事務取扱費,公務災害補償費,0,False,[],0.4,0,縮小,管理費縮小
エネルギー対策,エネルギー需給勘定,事務取扱費,退職手当,0,False,[],0.4,0,縮小,管理費縮小
エネルギー対策,エネルギー需給勘定,事務取扱費,児童手当,0,False,[],0.4,0,縮小,管理費縮小
エネルギー対策,エネルギー需給勘定,事務取扱費,諸謝金,0,False,[],0.4,0,縮小,管理費縮小
エネルギー対策,エネルギー需給勘定,事務取扱費,職員旅費,2,False,[],0.4,0,縮小,管理費縮小
エネルギー対策,エネルギー需給勘定,事務取扱費,赴任旅費,0,False,[],0.4,0,縮小,管理費縮小
エネルギー対策,エネルギー需給勘定,事務取扱費,委員等旅費,0,False,[],0.4,0,縮小,管理費縮小
エネルギー対策,エネルギー需給勘定,事務取扱費,庁費,4,False,[],0.4,1,縮小,管理費縮小
エネルギー対策,エネルギー需給勘定,事務取扱費,情報処理業務庁費,4,False,[],0.4,1,縮小,管理費縮小
エネルギー対策,エネルギー需給勘定,事務取扱費,国有財産管理処分庁費,0,False,[],0.4,0,縮小,管理費縮小
エネルギー対策,エネルギー需給勘定,事務取扱費,国有特許外国出願費,0,False,[],0.4,0,縮小,管理費縮小
エネルギー対策,エネルギー需給勘定,事務取扱費,研究開発設備撤去費,0,False,[],0.4,0,縮小,管理費縮小
エネルギー対策,エネルギー需給勘定,事務取扱費,消費税,28,False,[],0.5,14,縮小,消費税廃止後ゼロ（移行期維持）
エネルギー対策,エネルギー需給勘定,事務取扱費,国家公務員共済組合負担金,1,False,[],0.4,0,縮小,管理費縮小
エネルギー対策,エネルギー需給勘定,事務取扱費,貨幣交換差減補填金,2,False,[],0.4,0,縮小,管理費縮小
エネルギー対策,エネルギー需給勘定,脱炭素成長型経済構造移行推進電源開発促進勘定へ繰入,電源開発促進勘定へ繰入,1420,True,—,0.0,0,除外（純計外）,特別会計間繰入。純計から除外
エネルギー対策,エネルギー需給勘定,石油石炭税財源エネルギー需給構造高度化対策費先端半導体・人工知能関連技術勘定へ繰入,先端半導体・人工知能関連技術勘定へ繰入,66,True,—,0.0,0,除外（純計外）,特別会計間繰入。純計から除外
エネルギー対策,エネルギー需給勘定,脱炭素成長型経済構造移行推進先端半導体・人工知能関連技術勘定へ繰入,先端半導体・人工知能関連技術勘定へ繰入,3873,True,—,0.0,0,除外（純計外）,特別会計間繰入。純計から除外
エネルギー対策,エネルギー需給勘定,諸支出金,賠償償還及払戻金,0,False,[5],1.0,0,維持,⑤返還義務
エネルギー対策,エネルギー需給勘定,脱炭素成長型経済構造移行推進諸支出金,賠償償還及払戻金,0,False,[5],1.0,0,維持,⑤返還義務
エネルギー対策,エネルギー需給勘定,融通証券等事務取扱費一般会計へ繰入,一般会計へ繰入,0,True,—,0.0,0,除外（純計外）,特別会計間繰入。純計から除外
エネルギー対策,エネルギー需給勘定,脱炭素成長型経済構造移行推進公債事務取扱費一般会計へ繰入,一般会計へ繰入,0,True,—,0.0,0,除外（純計外）,特別会計間繰入。純計から除外
エネルギー対策,エネルギー需給勘定,国債整理基金特別会計へ繰入,国債整理基金特別会計へ繰入,14919,True,—,0.0,0,除外（純計外）,特別会計間繰入。純計から除外
エネルギー対策,エネルギー需給勘定,脱炭素成長型経済構造移行推進国債整理基金特別会計へ繰入,国債整理基金特別会計へ繰入,758,True,—,0.0,0,除外（純計外）,特別会計間繰入。純計から除外
エネルギー対策,エネルギー需給勘定,予備費,(予備費),26,False,[],0.2,5,縮小,縮小
エネルギー対策,エネルギー需給勘定,電源立地対策費,電源立地等推進対策委託費,11,False,[],0.0,0,廃止,廃止
エネルギー対策,エネルギー需給勘定,電源立地対策費,電源立地等推進対策補助金,88,False,[],0.0,0,廃止,廃止
エネルギー対策,エネルギー需給勘定,電源立地対策費,原子力損害賠償・廃炉等支援機構交付金,470,False,[9],0.8,376,縮小,⑨廃炉・賠償は外部効果対応
エネルギー対策,エネルギー需給勘定,電源立地対策費,電源立地等推進対策交付金,290,False,[],0.0,0,廃止,廃止
エネルギー対策,エネルギー需給勘定,電源立地対策費,電源立地地域対策交付金,877,False,[],0.0,0,廃止,地域補償廃止
エネルギー対策,エネルギー需給勘定,電源立地対策費,国際原子力機関等拠出金,7,False,[],0.0,0,廃止,廃止
エネルギー対策,エネルギー需給勘定,電源利用対策費,放射性廃棄物処分基準調査等委託費,47,False,[],0.0,0,廃止,廃止
エネルギー対策,エネルギー需給勘定,電源利用対策費,軽水炉等改良技術確証試験等委託費,42,False,[],0.0,0,廃止,廃止
エネルギー対策,エネルギー需給勘定,電源利用対策費,原子力発電関連技術開発費等補助金,23,False,[],0.0,0,廃止,廃止
エネルギー対策,エネルギー需給勘定,電源利用対策費,ウラン探鉱支援事業費等補助金,5,False,[],0.0,0,廃止,廃止
エネルギー対策,エネルギー需給勘定,電源利用対策費,国際原子力機関等拠出金,3,False,[],0.0,0,廃止,廃止
エネルギー対策,エネルギー需給勘定,脱炭素成長型経済構造移行推進対策費,諸謝金,0,False,[],0.0,0,廃止,廃止
エネルギー対策,エネルギー需給勘定,脱炭素成長型経済構造移行推進対策費,職員旅費,0,False,[],0.0,0,廃止,廃止
エネルギー対策,エネルギー需給勘定,脱炭素成長型経済構造移行推進対策費,委員等旅費,0,False,[],0.0,0,廃止,廃止
エネルギー対策,エネルギー需給勘定,脱炭素成長型経済構造移行推進対策費,庁費,0,False,[],0.0,0,廃止,廃止
エネルギー対策,エネルギー需給勘定,脱炭素成長型経済構造移行推進対策費,脱炭素成長型経済構造移行推進対策委託費,1199,False,[],0.0,0,廃止,廃止
エネルギー対策,エネルギー需給勘定,脱炭素成長型経済構造移行推進対策費,脱炭素成長型経済構造移行推進対策費補助金,19,False,[],0.0,0,廃止,産業補助金廃止。炭素税で代替
エネルギー対策,エネルギー需給勘定,脱炭素成長型経済構造移行推進機構出資,脱炭素成長型経済構造移行推進機構出資金,200,False,[],0.0,0,廃止,廃止
エネルギー対策,エネルギー需給勘定,原子力安全規制対策費,原子力発電施設等安全技術対策委託費,2,False,[8],0.8,1,縮小,⑧原子力安全規制
エネルギー対策,エネルギー需給勘定,原子力安全規制対策費,原子力災害影響調査等委託費,2,False,[8],0.8,1,縮小,⑧原子力安全規制
エネルギー対策,エネルギー需給勘定,原子力安全規制対策費,原子力施設等防災対策等委託費,72,False,[8],0.8,57,縮小,同上
エネルギー対策,エネルギー需給勘定,原子力安全規制対策費,原子力災害対策事業費補助金,7,False,[8],0.8,5,縮小,⑧原子力安全規制
エネルギー対策,エネルギー需給勘定,原子力安全規制対策費,原子力規制研究技術基盤構築事業費補助金,5,False,[8],0.8,4,縮小,⑧原子力安全規制
エネルギー対策,エネルギー需給勘定,原子力安全規制対策費,原子力災害影響調査等交付金,0,False,[8],0.8,0,縮小,⑧原子力安全規制
エネルギー対策,エネルギー需給勘定,原子力安全規制対策費,原子力施設等防災対策等交付金,155,False,[8],0.8,124,縮小,⑧技術的独占・安全規制
エネルギー対策,エネルギー需給勘定,原子力安全規制対策費,国際原子力機関等拠出金,6,False,[8],0.8,4,縮小,⑧原子力安全規制
エネルギー対策,エネルギー需給勘定,国立研究開発法人日本原子力研究開発機構運営費,国立研究開発法人日本原子力研究開発機構電源利用勘定運営費交付金,933,False,[9],0.3,279,縮小,廃炉安全等の核機能のみ
エネルギー対策,エネルギー需給勘定,事務取扱費,職員基本給,42,False,[],0.4,16,縮小,管理費縮小
エネルギー対策,エネルギー需給勘定,事務取扱費,職員諸手当,25,False,[],0.4,10,縮小,管理費縮小
エネルギー対策,エネルギー需給勘定,事務取扱費,超過勤務手当,5,False,[],0.4,2,縮小,管理費縮小
エネルギー対策,エネルギー需給勘定,事務取扱費,非常勤職員手当,3,False,[],0.4,1,縮小,管理費縮小
エネルギー対策,エネルギー需給勘定,事務取扱費,休職者給与,0,False,[],0.4,0,縮小,管理費縮小
エネルギー対策,エネルギー需給勘定,事務取扱費,短時間勤務職員給与,0,False,[],0.4,0,縮小,管理費縮小
エネルギー対策,エネルギー需給勘定,事務取扱費,公務災害補償費,0,False,[],0.4,0,縮小,管理費縮小
エネルギー対策,エネルギー需給勘定,事務取扱費,退職手当,4,False,[],0.4,1,縮小,管理費縮小
エネルギー対策,エネルギー需給勘定,事務取扱費,児童手当,0,False,[],0.4,0,縮小,管理費縮小
エネルギー対策,エネルギー需給勘定,事務取扱費,諸謝金,0,False,[],0.4,0,縮小,管理費縮小
エネルギー対策,エネルギー需給勘定,事務取扱費,職員旅費,12,False,[],0.4,4,縮小,管理費縮小
エネルギー対策,エネルギー需給勘定,事務取扱費,赴任旅費,0,False,[],0.4,0,縮小,管理費縮小
エネルギー対策,エネルギー需給勘定,事務取扱費,委員等旅費,0,False,[],0.4,0,縮小,管理費縮小
エネルギー対策,エネルギー需給勘定,事務取扱費,庁費,11,False,[],0.4,4,縮小,管理費縮小
エネルギー対策,エネルギー需給勘定,事務取扱費,情報処理業務庁費,40,False,[],0.4,16,縮小,管理費縮小
エネルギー対策,エネルギー需給勘定,事務取扱費,原子力安全業務庁費,78,False,[8],0.8,62,縮小,⑧原子力安全
エネルギー対策,エネルギー需給勘定,事務取扱費,国有特許外国出願費,0,False,[],0.4,0,縮小,管理費縮小
エネルギー対策,エネルギー需給勘定,事務取扱費,土地建物借料,13,False,[],0.4,5,縮小,管理費縮小
エネルギー対策,エネルギー需給勘定,事務取扱費,各所修繕,0,False,[],0.4,0,縮小,管理費縮小
エネルギー対策,エネルギー需給勘定,事務取扱費,自動車重量税,0,False,[],0.4,0,縮小,管理費縮小
エネルギー対策,エネルギー需給勘定,事務取扱費,消費税,0,False,[],0.5,0,縮小,消費税廃止後ゼロ（移行期維持）
エネルギー対策,エネルギー需給勘定,事務取扱費,国家公務員共済組合負担金,14,False,[],0.4,5,縮小,管理費縮小
エネルギー対策,エネルギー需給勘定,事務取扱費,国有資産所在市町村交付金,0,False,[],0.4,0,縮小,管理費縮小
エネルギー対策,エネルギー需給勘定,事務取扱費,貨幣交換差減補填金,2,False,[],0.4,0,縮小,管理費縮小
エネルギー対策,エネルギー需給勘定,事務取扱費,一般会計へ繰入,0,True,—,0.0,0,除外（純計外）,特別会計間繰入。純計から除外
エネルギー対策,エネルギー需給勘定,諸支出金,賠償償還及払戻金,0,False,[5],1.0,0,維持,⑤返還義務
エネルギー対策,エネルギー需給勘定,脱炭素成長型経済構造移行推進諸支出金,賠償償還及払戻金,0,False,[5],1.0,0,維持,⑤返還義務
エネルギー対策,エネルギー需給勘定,予備費,(予備費),1,False,[],0.2,0,縮小,縮小
エネルギー対策,エネルギー需給勘定,事務取扱費,庁費,0,False,[],0.4,0,縮小,管理費縮小
エネルギー対策,エネルギー需給勘定,事務取扱費,情報処理業務庁費,0,False,[],0.4,0,縮小,管理費縮小
エネルギー対策,エネルギー需給勘定,原子力損害賠償支援資金へ繰入,原子力損害賠償支援資金へ繰入,715,True,—,0.0,0,除外（純計外）,特別会計間繰入。純計から除外
エネルギー対策,エネルギー需給勘定,融通証券等事務取扱費一般会計へ繰入,一般会計へ繰入,0,True,—,0.0,0,除外（純計外）,特別会計間繰入。純計から除外
エネルギー対策,エネルギー需給勘定,国債整理基金特別会計へ繰入,国債整理基金特別会計へ繰入,118957,True,—,0.0,0,除外（純計外）,特別会計間繰入。純計から除外
エネルギー対策,エネルギー需給勘定,先端半導体・人工知能関連技術対策費,先端半導体・人工知能関連技術対策委託費,9,False,[],0.0,0,廃止,廃止
エネルギー対策,エネルギー需給勘定,先端半導体・人工知能関連技術対策費,先端半導体・人工知能関連技術対策費補助金,6738,False,[],0.0,0,廃止,産業政策補助金廃止
エネルギー対策,エネルギー需給勘定,エネルギー需給構造高度化対策国立研究開発法人新エネルギー・産業技術総合開発機構運営費,国立研究開発法人新エネルギー・産業技術総合開発機構一般勘定運営費交付金,66,False,[],0.0,0,廃止,NEDO廃止
エネルギー対策,エネルギー需給勘定,脱炭素成長型経済構造移行推進国立研究開発法人新エネルギー・産業技術総合開発機構運営費,国立研究開発法人新エネルギー・産業技術総合開発機構一般勘定運営費交付金,3873,False,[],0.0,0,廃止,NEDO廃止
エネルギー対策,エネルギー需給勘定,独立行政法人情報処理推進機構出資,独立行政法人情報処理推進機構出資金,1500,False,[],0.0,0,廃止,民間代替可能
エネルギー対策,エネルギー需給勘定,先端半導体・人工知能関連技術対策公債事務取扱費一般会計へ繰入,一般会計へ繰入,0,True,—,0.0,0,除外（純計外）,特別会計間繰入。純計から除外
エネルギー対策,エネルギー需給勘定,国債整理基金特別会計へ繰入,国債整理基金特別会計へ繰入,202,True,—,0.0,0,除外（純計外）,特別会計間繰入。純計から除外
労働保険,労災勘定,労働安全衛生対策費,非常勤職員手当,0,False,[5],0.5,0,半減,⑤職場安全
労働保険,労災勘定,労働安全衛生対策費,諸謝金,32,False,[5],0.5,16,半減,⑤職場安全
労働保険,労災勘定,労働安全衛生対策費,褒賞品費,0,False,[5],0.5,0,半減,⑤職場安全
労働保険,労災勘定,労働安全衛生対策費,職員旅費,0,False,[5],0.5,0,半減,⑤職場安全
労働保険,労災勘定,労働安全衛生対策費,施設施工旅費,0,False,[5],0.5,0,半減,⑤職場安全
労働保険,労災勘定,労働安全衛生対策費,委員等旅費,0,False,[5],0.5,0,半減,⑤職場安全
労働保険,労災勘定,労働安全衛生対策費,社会復帰促進等旅費,0,False,[5],0.5,0,半減,⑤職場安全
労働保険,労災勘定,労働安全衛生対策費,庁費,7,False,[5],0.5,3,半減,⑤職場安全
労働保険,労災勘定,労働安全衛生対策費,情報処理業務庁費,1,False,[5],0.5,0,半減,⑤職場安全
労働保険,労災勘定,労働安全衛生対策費,労働保険業務庁費,3,False,[5],0.5,1,半減,⑤職場安全
労働保険,労災勘定,労働安全衛生対策費,産業廃棄物処理業務庁費,0,False,[5],0.5,0,半減,⑤職場安全
労働保険,労災勘定,労働安全衛生対策費,施設施工庁費,0,False,[5],0.5,0,半減,⑤職場安全
労働保険,労災勘定,労働安全衛生対策費,土地建物借料,1,False,[5],0.5,0,半減,⑤職場安全
労働保険,労災勘定,労働安全衛生対策費,各所修繕,0,False,[5],0.5,0,半減,⑤職場安全
労働保険,労災勘定,労働安全衛生対策費,労働災害防止対策事業委託費,45,False,[5],0.5,22,半減,同上
労働保険,労災勘定,労働安全衛生対策費,施設整備費,1,False,[5],0.5,0,半減,⑤職場安全
労働保険,労災勘定,労働安全衛生対策費,労働災害防止対策費補助金,35,False,[5],0.5,17,半減,⑤職場安全
労働保険,労災勘定,労働安全衛生対策費,産業医学助成費補助金,57,False,[5],0.5,28,半減,⑤職場安全の外部効果対応
労働保険,労災勘定,労働安全衛生対策費,産業保健活動総合支援事業費補助金,52,False,[5],0.5,26,半減,同上
労働保険,労災勘定,労働安全衛生対策費,外国人技能実習機構交付金,13,False,[],0.0,0,廃止,外国人労働政策廃止
労働保険,労災勘定,労働安全衛生対策費,受動喫煙防止対策助成金,0,False,[5],0.5,0,半減,⑤職場安全
労働保険,労災勘定,保険給付費,保険給付費,7729,False,"[5, 9]",0.5,3864,半減,労災：使用者責任保険として民間化方向。移行期は半減
労働保険,労災勘定,職務上年金給付費年金特別会計へ繰入,年金特別会計厚生年金勘定へ繰入,46,True,—,0.0,0,除外（純計外）,特別会計間繰入。純計から除外
労働保険,労災勘定,職務上年金給付費等交付金,職務上年金給付費等交付金,43,False,"[5, 10]",0.5,21,縮小,職務上障害給付は⑤⑩の範囲で維持
労働保険,労災勘定,社会復帰促進等事業費,諸謝金,13,False,[9],0.5,6,半減,⑨外部効果対応の範囲で維持
労働保険,労災勘定,社会復帰促進等事業費,介護料支給費,0,False,[9],0.5,0,半減,⑨外部効果対応の範囲で維持
労働保険,労災勘定,社会復帰促進等事業費,労災就学等援護費,20,False,[10],0.5,10,縮小,⑩遺族への支援
労働保険,労災勘定,社会復帰促進等事業費,労災援護給付金,979,False,"[9, 10]",0.6,587,縮小,⑨外部効果対応。縮小
労働保険,労災勘定,社会復帰促進等事業費,補装具等支給費,39,False,[10],0.7,27,縮小,⑩重度障害者支援
労働保険,労災勘定,社会復帰促進等事業費,職員旅費,0,False,[9],0.5,0,半減,⑨外部効果対応の範囲で維持
労働保険,労災勘定,社会復帰促進等事業費,施設施工旅費,0,False,[9],0.5,0,半減,⑨外部効果対応の範囲で維持
労働保険,労災勘定,社会復帰促進等事業費,委員等旅費,0,False,[9],0.5,0,半減,⑨外部効果対応の範囲で維持
労働保険,労災勘定,社会復帰促進等事業費,社会復帰促進等旅費,0,False,[9],0.5,0,半減,⑨外部効果対応の範囲で維持
労働保険,労災勘定,社会復帰促進等事業費,庁費,0,False,[9],0.5,0,半減,⑨外部効果対応の範囲で維持
労働保険,労災勘定,社会復帰促進等事業費,情報処理業務庁費,2,False,[9],0.5,1,半減,⑨外部効果対応の範囲で維持
労働保険,労災勘定,社会復帰促進等事業費,労働保険業務庁費,1,False,[9],0.5,0,半減,⑨外部効果対応の範囲で維持
労働保険,労災勘定,社会復帰促進等事業費,施設施工庁費,1,False,[9],0.5,0,半減,⑨外部効果対応の範囲で維持
労働保険,労災勘定,社会復帰促進等事業費,土地建物借料,0,False,[9],0.5,0,半減,⑨外部効果対応の範囲で維持
労働保険,労災勘定,社会復帰促進等事業費,社会復帰促進等事業委託費,60,False,[9],0.5,30,半減,⑨外部効果対応の範囲で維持
労働保険,労災勘定,社会復帰促進等事業費,施設整備費,7,False,[9],0.5,3,半減,⑨外部効果対応の範囲で維持
労働保険,労災勘定,社会復帰促進等事業費,身体障害者等福祉対策事業費補助金,29,False,[10],0.5,14,縮小,⑩
労働保険,労災勘定,社会復帰促進等事業費,未払賃金立替払事業費補助金,140,False,[5],0.5,70,半減,⑤契約履行支援。民間化移行
労働保険,労災勘定,社会復帰促進等事業費,労災疾病臨床研究事業費補助金,10,False,[9],0.5,5,半減,⑨外部効果対応の範囲で維持
労働保険,労災勘定,独立行政法人労働者健康安全機構運営費,独立行政法人労働者健康安全機構運営費交付金,122,False,[],0.3,36,縮小,核機能のみ
労働保険,労災勘定,独立行政法人労働者健康安全機構施設整備費,独立行政法人労働者健康安全機構施設整備費補助金,38,False,[],0.2,7,縮小,最小施設のみ
労働保険,労災勘定,仕事生活調和推進費,諸謝金,9,False,[],0.0,0,廃止,廃止
労働保険,労災勘定,仕事生活調和推進費,職員旅費,0,False,[],0.0,0,廃止,廃止
労働保険,労災勘定,仕事生活調和推進費,委員等旅費,0,False,[],0.0,0,廃止,廃止
労働保険,労災勘定,仕事生活調和推進費,庁費,0,False,[],0.0,0,廃止,廃止
労働保険,労災勘定,仕事生活調和推進費,情報処理業務庁費,0,False,[],0.0,0,廃止,廃止
労働保険,労災勘定,仕事生活調和推進費,労働保険業務庁費,1,False,[],0.0,0,廃止,廃止
労働保険,労災勘定,仕事生活調和推進費,土地建物借料,0,False,[],0.0,0,廃止,廃止
労働保険,労災勘定,仕事生活調和推進費,労働時間等設定改善援助事業委託費,27,False,[],0.0,0,廃止,廃止
労働保険,労災勘定,仕事生活調和推進費,労働時間等設定改善推進助成金,96,False,[],0.0,0,廃止,廃止。個人・企業の選択
労働保険,労災勘定,中小企業退職金共済等事業費,中小企業退職金共済事業費等補助金,13,False,[],0.0,0,廃止,民間退職金・HSAで代替
労働保険,労災勘定,独立行政法人労働政策研究・研修機構運営費,独立行政法人労働政策研究・研修機構労災勘定運営費交付金,2,False,[],0.5,1,半減,政策立案支援のみ
労働保険,労災勘定,個別労働紛争対策費,諸謝金,14,False,"[1, 5]",0.8,11,縮小,同上
労働保険,労災勘定,個別労働紛争対策費,職員旅費,0,False,"[1, 5]",0.8,0,縮小,同上
労働保険,労災勘定,個別労働紛争対策費,委員等旅費,0,False,"[1, 5]",0.8,0,縮小,同上
労働保険,労災勘定,個別労働紛争対策費,庁費,0,False,"[1, 5]",0.8,0,縮小,同上
労働保険,労災勘定,個別労働紛争対策費,労働保険業務庁費,1,False,"[1, 5]",0.8,0,縮小,同上
労働保険,労災勘定,個別労働紛争対策費,土地建物借料,0,False,"[1, 5]",0.8,0,縮小,同上
労働保険,労災勘定,個別労働紛争対策費,個別労働紛争対策事業委託費,3,False,"[1, 5]",0.8,2,縮小,①⑤法秩序・契約履行。紛争解決は維持
労働保険,労災勘定,業務取扱費,職員基本給,124,False,[],0.4,49,縮小,政府縮小で職員削減
労働保険,労災勘定,業務取扱費,職員諸手当,64,False,[],0.4,25,縮小,同上
労働保険,労災勘定,業務取扱費,超過勤務手当,8,False,[],0.3,2,縮小,縮小
労働保険,労災勘定,業務取扱費,委員手当,0,False,[],0.4,0,縮小,業務取扱費は縮小
労働保険,労災勘定,業務取扱費,非常勤職員手当,2,False,[],0.4,0,縮小,業務取扱費は縮小
労働保険,労災勘定,業務取扱費,休職者給与,0,False,[],0.4,0,縮小,業務取扱費は縮小
労働保険,労災勘定,業務取扱費,短時間勤務職員給与,18,False,[],0.4,7,縮小,同上
労働保険,労災勘定,業務取扱費,公務災害補償費,0,False,[],0.4,0,縮小,業務取扱費は縮小
労働保険,労災勘定,業務取扱費,退職手当,20,False,[],0.5,10,縮小,当面維持
労働保険,労災勘定,業務取扱費,児童手当,1,False,[],0.4,0,縮小,業務取扱費は縮小
労働保険,労災勘定,業務取扱費,諸謝金,110,False,[],0.4,44,縮小,縮小
労働保険,労災勘定,業務取扱費,褒賞品費,0,False,[],0.4,0,縮小,業務取扱費は縮小
労働保険,労災勘定,業務取扱費,職員旅費,2,False,[],0.4,0,縮小,業務取扱費は縮小
労働保険,労災勘定,業務取扱費,赴任旅費,0,False,[],0.4,0,縮小,業務取扱費は縮小
労働保険,労災勘定,業務取扱費,委員等旅費,0,False,[],0.4,0,縮小,業務取扱費は縮小
労働保険,労災勘定,業務取扱費,証人等旅費,0,False,[],0.4,0,縮小,業務取扱費は縮小
労働保険,労災勘定,業務取扱費,庁費,51,False,[],0.4,20,縮小,管理費縮小
労働保険,労災勘定,業務取扱費,情報処理業務庁費,320,False,[],0.3,96,縮小,IT縮小
労働保険,労災勘定,業務取扱費,国有財産管理処分庁費,0,False,[],0.4,0,縮小,管理費縮小
労働保険,労災勘定,業務取扱費,労働保険業務庁費,16,False,[],0.4,6,縮小,管理費縮小
労働保険,労災勘定,業務取扱費,障害等級等認定庁費,11,False,[],0.4,4,縮小,管理費縮小
労働保険,労災勘定,業務取扱費,電子計算機等借料,39,False,[],0.3,11,縮小,IT縮小
労働保険,労災勘定,業務取扱費,土地建物借料,17,False,[],0.5,8,縮小,施設縮小
労働保険,労災勘定,業務取扱費,各所修繕,1,False,[],0.4,0,縮小,業務取扱費は縮小
労働保険,労災勘定,業務取扱費,自動車重量税,0,False,[],0.4,0,縮小,業務取扱費は縮小
労働保険,労災勘定,業務取扱費,保険給付業務委託費,34,False,[],0.4,13,縮小,業務取扱費は縮小
労働保険,労災勘定,業務取扱費,国家公務員共済組合負担金,48,False,[],0.3,14,縮小,共済廃止・民間保険移行期
労働保険,労災勘定,業務取扱費,国有資産所在市町村交付金,0,False,[],0.4,0,縮小,業務取扱費は縮小
労働保険,労災勘定,業務取扱費,国際社会保障協会等分担金,0,False,[],0.4,0,縮小,業務取扱費は縮小
労働保険,労災勘定,業務取扱費,賠償償還及払戻金,0,False,[],0.4,0,縮小,業務取扱費は縮小
労働保険,労災勘定,業務取扱費,貨幣交換差減補填金,0,False,[],0.4,0,縮小,業務取扱費は縮小
労働保険,労災勘定,業務取扱費,一般会計へ繰入,2,True,—,0.0,0,除外（純計外）,特別会計間繰入。純計から除外
労働保険,労災勘定,施設整備費,施設施工旅費,0,False,[],0.2,0,縮小,同上
労働保険,労災勘定,施設整備費,施設施工庁費,2,False,[],0.2,0,縮小,同上
労働保険,労災勘定,施設整備費,施設整備費,21,False,[],0.2,4,縮小,核施設のみ
労働保険,労災勘定,保険料返還金等徴収勘定へ繰入,徴収勘定へ繰入,555,True,—,0.0,0,除外（純計外）,特別会計間繰入。純計から除外
労働保険,労災勘定,予備費,(予備費),23,False,[],0.3,6,縮小,政府縮小後も一定額必要
労働保険,労災勘定,労使関係安定形成促進費,諸謝金,0,False,[],0.0,0,廃止,廃止
労働保険,労災勘定,労使関係安定形成促進費,委員等旅費,0,False,[],0.0,0,廃止,廃止
労働保険,労災勘定,労使関係安定形成促進費,労使関係安定形成促進事業委託費,3,False,[],0.0,0,廃止,廃止
労働保険,労災勘定,男女均等雇用対策費,諸謝金,32,False,[],0.0,0,廃止,廃止
労働保険,労災勘定,男女均等雇用対策費,雇用安定等給付金,392,False,[],0.0,0,廃止,差別禁止は①法秩序でカバー
労働保険,労災勘定,男女均等雇用対策費,職員旅費,0,False,[],0.0,0,廃止,廃止
労働保険,労災勘定,男女均等雇用対策費,委員等旅費,0,False,[],0.0,0,廃止,廃止
労働保険,労災勘定,男女均等雇用対策費,庁費,3,False,[],0.0,0,廃止,廃止
労働保険,労災勘定,男女均等雇用対策費,情報処理業務庁費,0,False,[],0.0,0,廃止,廃止
労働保険,労災勘定,男女均等雇用対策費,労働保険業務庁費,4,False,[],0.0,0,廃止,廃止
労働保険,労災勘定,男女均等雇用対策費,土地建物借料,0,False,[],0.0,0,廃止,廃止
労働保険,労災勘定,男女均等雇用対策費,仕事と家庭両立支援事業等委託費,12,False,[],0.0,0,廃止,廃止
労働保険,労災勘定,中小企業退職金共済等事業費,情報処理業務庁費,0,False,[],0.0,0,廃止,民間退職金・HSAで代替
労働保険,労災勘定,中小企業退職金共済等事業費,中小企業雇用安定事業費等補助金,60,False,[],0.0,0,廃止,民間退職金・HSAで代替
労働保険,労災勘定,独立行政法人勤労者退職金共済機構運営費,独立行政法人勤労者退職金共済機構雇用促進融資勘定運営費交付金,0,False,—,0.4,0,要確認,方針未定
労働保険,労災勘定,個別労働紛争対策費,諸謝金,14,False,"[1, 5]",0.8,11,縮小,同上
労働保険,労災勘定,個別労働紛争対策費,職員旅費,0,False,"[1, 5]",0.8,0,縮小,同上
労働保険,労災勘定,個別労働紛争対策費,委員等旅費,0,False,"[1, 5]",0.8,0,縮小,同上
労働保険,労災勘定,個別労働紛争対策費,庁費,0,False,"[1, 5]",0.8,0,縮小,同上
労働保険,労災勘定,個別労働紛争対策費,情報処理業務庁費,0,False,"[1, 5]",0.8,0,縮小,同上
労働保険,労災勘定,個別労働紛争対策費,労働保険業務庁費,1,False,"[1, 5]",0.8,0,縮小,同上
労働保険,労災勘定,個別労働紛争対策費,土地建物借料,0,False,"[1, 5]",0.8,0,縮小,同上
労働保険,労災勘定,個別労働紛争対策費,個別労働紛争対策事業委託費,3,False,"[1, 5]",0.8,2,縮小,①⑤法秩序・契約履行。紛争解決は維持
労働保険,労災勘定,職業紹介事業等実施費,諸謝金,325,False,[],0.0,0,廃止,民間代替可能
労働保険,労災勘定,職業紹介事業等実施費,職員旅費,0,False,[],0.0,0,廃止,廃止
労働保険,労災勘定,職業紹介事業等実施費,委員等旅費,0,False,[],0.0,0,廃止,廃止
労働保険,労災勘定,職業紹介事業等実施費,庁費,62,False,[],0.0,0,廃止,廃止
労働保険,労災勘定,職業紹介事業等実施費,情報処理業務庁費,316,False,[],0.0,0,廃止,廃止
労働保険,労災勘定,職業紹介事業等実施費,労働保険業務庁費,60,False,[],0.0,0,廃止,廃止
労働保険,労災勘定,職業紹介事業等実施費,電子計算機等借料,168,False,[],0.0,0,廃止,廃止
労働保険,労災勘定,職業紹介事業等実施費,土地建物借料,7,False,[],0.0,0,廃止,廃止
労働保険,労災勘定,職業紹介事業等実施費,職業講習等委託費,28,False,[],0.0,0,廃止,廃止
労働保険,労災勘定,地域雇用機会創出等対策費,諸謝金,78,False,[],0.0,0,廃止,廃止
労働保険,労災勘定,地域雇用機会創出等対策費,雇用安定等給付金,847,False,[],0.0,0,廃止,雇用政策廃止
労働保険,労災勘定,地域雇用機会創出等対策費,職員旅費,0,False,[],0.0,0,廃止,廃止
労働保険,労災勘定,地域雇用機会創出等対策費,委員等旅費,0,False,[],0.0,0,廃止,廃止
労働保険,労災勘定,地域雇用機会創出等対策費,庁費,5,False,[],0.0,0,廃止,廃止
労働保険,労災勘定,地域雇用機会創出等対策費,情報処理業務庁費,0,False,[],0.0,0,廃止,廃止
労働保険,労災勘定,地域雇用機会創出等対策費,労働保険業務庁費,26,False,[],0.0,0,廃止,廃止
労働保険,労災勘定,地域雇用機会創出等対策費,土地建物借料,13,False,[],0.0,0,廃止,廃止
労働保険,労災勘定,地域雇用機会創出等対策費,地域雇用機会創出事業等委託費,34,False,[],0.0,0,廃止,廃止
労働保険,労災勘定,地域雇用機会創出等対策費,雇用開発支援事業費等補助金,47,False,[],0.0,0,廃止,廃止
労働保険,労災勘定,地域雇用機会創出等対策費,産業雇用安定センター補助金,44,False,[],0.0,0,廃止,廃止
労働保険,労災勘定,地域雇用機会創出等対策費,船員雇用促進対策事業費補助金,0,False,[],0.0,0,廃止,廃止
労働保険,労災勘定,地域雇用機会創出等対策費,介護労働者雇用改善援助事業等交付金,6,False,[],0.0,0,廃止,廃止
労働保険,労災勘定,地域雇用機会創出等対策費,港湾労働者派遣事業等交付金,2,False,[],0.0,0,廃止,廃止
労働保険,労災勘定,高齢者等雇用安定・促進費,諸謝金,281,False,[],0.0,0,廃止,廃止
労働保険,労災勘定,高齢者等雇用安定・促進費,雇用安定等給付金,1522,False,[],0.0,0,廃止,雇用政策廃止。競争市場に委ねる
労働保険,労災勘定,高齢者等雇用安定・促進費,職員旅費,0,False,[],0.0,0,廃止,廃止
労働保険,労災勘定,高齢者等雇用安定・促進費,施設施工旅費,0,False,[],0.0,0,廃止,廃止
労働保険,労災勘定,高齢者等雇用安定・促進費,委員等旅費,1,False,[],0.0,0,廃止,廃止
労働保険,労災勘定,高齢者等雇用安定・促進費,庁費,26,False,[],0.0,0,廃止,廃止
労働保険,労災勘定,高齢者等雇用安定・促進費,情報処理業務庁費,0,False,[],0.0,0,廃止,廃止
労働保険,労災勘定,高齢者等雇用安定・促進費,労働保険業務庁費,37,False,[],0.0,0,廃止,廃止
労働保険,労災勘定,高齢者等雇用安定・促進費,施設施工庁費,0,False,[],0.0,0,廃止,廃止
労働保険,労災勘定,高齢者等雇用安定・促進費,土地建物借料,8,False,[],0.0,0,廃止,廃止
労働保険,労災勘定,高齢者等雇用安定・促進費,高齢者等雇用安定促進事業委託費,147,False,[],0.0,0,廃止,廃止
労働保険,労災勘定,高齢者等雇用安定・促進費,施設整備費,2,False,[],0.0,0,廃止,廃止
労働保険,労災勘定,高齢者等雇用安定・促進費,雇用開発支援事業費等補助金,74,False,[],0.0,0,廃止,廃止
労働保険,労災勘定,高齢者等雇用安定・促進費,高齢・障害者雇用開発支援事業費補助金,23,False,[],0.0,0,廃止,廃止
労働保険,労災勘定,失業等給付費,失業等給付金,14151,False,[10],0.5,7075,半減,雇用保険料半減と対応。給付も半減
労働保険,労災勘定,就職支援法事業費,諸謝金,10,False,[],0.0,0,廃止,廃止
労働保険,労災勘定,就職支援法事業費,職業訓練受講給付金,60,False,[],0.0,0,廃止,廃止
労働保険,労災勘定,就職支援法事業費,認定職業訓練実施奨励金,109,False,[],0.0,0,廃止,職業訓練補助廃止
労働保険,労災勘定,就職支援法事業費,職員旅費,0,False,[],0.0,0,廃止,廃止
労働保険,労災勘定,就職支援法事業費,委員等旅費,0,False,[],0.0,0,廃止,廃止
労働保険,労災勘定,就職支援法事業費,庁費,0,False,[],0.0,0,廃止,廃止
労働保険,労災勘定,就職支援法事業費,情報処理業務庁費,2,False,[],0.0,0,廃止,廃止
労働保険,労災勘定,就職支援法事業費,労働保険業務庁費,1,False,[],0.0,0,廃止,廃止
労働保険,労災勘定,就職支援法事業費,求職者訓練受講支援補助金,2,False,[],0.0,0,廃止,廃止
労働保険,労災勘定,職業能力開発強化費,諸謝金,2,False,[],0.0,0,廃止,廃止
労働保険,労災勘定,職業能力開発強化費,職員旅費,0,False,[],0.0,0,廃止,廃止
労働保険,労災勘定,職業能力開発強化費,委員等旅費,0,False,[],0.0,0,廃止,廃止
労働保険,労災勘定,職業能力開発強化費,庁費,2,False,[],0.0,0,廃止,廃止
労働保険,労災勘定,職業能力開発強化費,情報処理業務庁費,7,False,[],0.0,0,廃止,廃止
労働保険,労災勘定,職業能力開発強化費,国有財産管理処分庁費,3,False,[],0.0,0,廃止,廃止
労働保険,労災勘定,職業能力開発強化費,労働保険業務庁費,0,False,[],0.0,0,廃止,廃止
労働保険,労災勘定,職業能力開発強化費,土地建物借料,0,False,[],0.0,0,廃止,廃止
労働保険,労災勘定,職業能力開発強化費,職場適応訓練委託費,0,False,[],0.0,0,廃止,廃止
労働保険,労災勘定,職業能力開発強化費,生涯職業能力開発事業等委託費,381,False,[],0.0,0,廃止,民間代替可能
労働保険,労災勘定,職業能力開発強化費,雇用開発支援事業費等補助金,0,False,[],0.0,0,廃止,廃止
労働保険,労災勘定,職業能力開発強化費,職業能力開発校設備整備費等補助金,44,False,[],0.0,0,廃止,廃止
労働保険,労災勘定,職業能力開発強化費,技能向上対策費補助金,22,False,[],0.0,0,廃止,廃止
労働保険,労災勘定,職業能力開発強化費,離職者等職業訓練費交付金,89,False,[],0.0,0,廃止,廃止
労働保険,労災勘定,職業能力開発強化費,介護労働者雇用改善援助事業等交付金,13,False,[],0.0,0,廃止,廃止
労働保険,労災勘定,職業能力開発強化費,外国人技能実習機構交付金,56,False,[],0.0,0,廃止,廃止
労働保険,労災勘定,若年者等職業能力開発支援費,諸謝金,0,False,[],0.0,0,廃止,廃止
労働保険,労災勘定,若年者等職業能力開発支援費,職員旅費,0,False,[],0.0,0,廃止,廃止
労働保険,労災勘定,若年者等職業能力開発支援費,委員等旅費,0,False,[],0.0,0,廃止,廃止
労働保険,労災勘定,若年者等職業能力開発支援費,庁費,0,False,[],0.0,0,廃止,廃止
労働保険,労災勘定,若年者等職業能力開発支援費,若年者等職業能力開発支援事業委託費,36,False,[],0.0,0,廃止,廃止
労働保険,労災勘定,独立行政法人高齢・障害・求職者雇用支援機構運営費,独立行政法人高齢・障害・求職者雇用支援機構高齢・障害者雇用支援勘定運営費交付金,162,False,[],0.0,0,廃止,民間移行
労働保険,労災勘定,独立行政法人高齢・障害・求職者雇用支援機構運営費,独立行政法人高齢・障害・求職者雇用支援機構職業能力開発勘定運営費交付金,584,False,[],0.0,0,廃止,民間移行
労働保険,労災勘定,独立行政法人高齢・障害・求職者雇用支援機構運営費,独立行政法人高齢・障害・求職者雇用支援機構認定特定求職者職業訓練勘定運営費交付金,28,False,[],0.0,0,廃止,民間移行
労働保険,労災勘定,独立行政法人高齢・障害・求職者雇用支援機構施設整備費,独立行政法人高齢・障害・求職者雇用支援機構施設整備費補助金,61,False,[],0.0,0,廃止,廃止
労働保険,労災勘定,障害者職業能力開発支援費,諸謝金,0,False,[],0.0,0,廃止,民間サービスに移行
労働保険,労災勘定,障害者職業能力開発支援費,職員旅費,0,False,[],0.0,0,廃止,民間サービスに移行
労働保険,労災勘定,障害者職業能力開発支援費,委員等旅費,0,False,[],0.0,0,廃止,民間サービスに移行
労働保険,労災勘定,障害者職業能力開発支援費,庁費,0,False,[],0.0,0,廃止,民間サービスに移行
労働保険,労災勘定,障害者職業能力開発支援費,障害者職業能力開発支援事業委託費,16,False,[],0.0,0,廃止,民間サービスに移行
労働保険,労災勘定,技能継承・振興推進費,諸謝金,0,False,[],0.0,0,廃止,廃止
労働保険,労災勘定,技能継承・振興推進費,卓越技能者褒賞金,0,False,[],0.0,0,廃止,廃止
労働保険,労災勘定,技能継承・振興推進費,職員旅費,0,False,[],0.0,0,廃止,廃止
労働保険,労災勘定,技能継承・振興推進費,委員等旅費,0,False,[],0.0,0,廃止,廃止
労働保険,労災勘定,技能継承・振興推進費,庁費,0,False,[],0.0,0,廃止,廃止
労働保険,労災勘定,技能継承・振興推進費,技能継承振興推進事業委託費,49,False,[],0.0,0,廃止,産業政策廃止
労働保険,労災勘定,技能継承・振興推進費,技能向上対策費補助金,6,False,[],0.0,0,廃止,廃止
労働保険,労災勘定,独立行政法人労働政策研究・研修機構運営費,独立行政法人労働政策研究・研修機構雇用勘定運営費交付金,18,False,[],0.5,9,半減,政策立案支援のみ
労働保険,労災勘定,業務取扱費,職員基本給,225,False,[],0.4,90,縮小,政府縮小で職員削減
労働保険,労災勘定,業務取扱費,職員諸手当,113,False,[],0.4,45,縮小,同上
労働保険,労災勘定,業務取扱費,超過勤務手当,19,False,[],0.3,5,縮小,縮小
労働保険,労災勘定,業務取扱費,委員手当,0,False,[],0.4,0,縮小,業務取扱費は縮小
労働保険,労災勘定,業務取扱費,休職者給与,1,False,[],0.4,0,縮小,業務取扱費は縮小
労働保険,労災勘定,業務取扱費,短時間勤務職員給与,44,False,[],0.4,17,縮小,同上
労働保険,労災勘定,業務取扱費,公務災害補償費,1,False,[],0.4,0,縮小,業務取扱費は縮小
労働保険,労災勘定,業務取扱費,退職手当,41,False,[],0.5,20,縮小,当面維持
労働保険,労災勘定,業務取扱費,児童手当,4,False,[],0.4,1,縮小,業務取扱費は縮小
労働保険,労災勘定,業務取扱費,諸謝金,100,False,[],0.4,40,縮小,縮小
労働保険,労災勘定,業務取扱費,職員旅費,2,False,[],0.4,0,縮小,業務取扱費は縮小
労働保険,労災勘定,業務取扱費,赴任旅費,1,False,[],0.4,0,縮小,業務取扱費は縮小
労働保険,労災勘定,業務取扱費,委員等旅費,0,False,[],0.4,0,縮小,業務取扱費は縮小
労働保険,労災勘定,業務取扱費,証人等旅費,0,False,[],0.4,0,縮小,業務取扱費は縮小
労働保険,労災勘定,業務取扱費,庁費,97,False,[],0.4,38,縮小,管理費縮小
労働保険,労災勘定,業務取扱費,情報処理業務庁費,363,False,[],0.3,108,縮小,IT縮小
労働保険,労災勘定,業務取扱費,国有財産管理処分庁費,6,False,[],0.4,2,縮小,管理費縮小
労働保険,労災勘定,業務取扱費,労働保険業務庁費,14,False,[],0.4,5,縮小,管理費縮小
労働保険,労災勘定,業務取扱費,電子計算機等借料,140,False,[],0.3,42,縮小,IT縮小
労働保険,労災勘定,業務取扱費,土地建物借料,67,False,[],0.5,33,縮小,施設縮小
労働保険,労災勘定,業務取扱費,各所修繕,5,False,[],0.4,2,縮小,業務取扱費は縮小
労働保険,労災勘定,業務取扱費,公共施設等維持管理運営費,0,False,[],0.4,0,縮小,業務取扱費は縮小
労働保険,労災勘定,業務取扱費,自動車重量税,0,False,[],0.4,0,縮小,業務取扱費は縮小
労働保険,労災勘定,業務取扱費,雇用保険活用援助事業委託費,33,False,[],0.4,13,縮小,業務取扱費は縮小
労働保険,労災勘定,業務取扱費,国家公務員共済組合負担金,126,False,[],0.3,37,縮小,共済廃止・民間保険移行期
労働保険,労災勘定,業務取扱費,国有資産所在市町村交付金,0,False,[],0.4,0,縮小,業務取扱費は縮小
労働保険,労災勘定,業務取扱費,国際社会保障協会等分担金,0,False,[],0.4,0,縮小,業務取扱費は縮小
労働保険,労災勘定,業務取扱費,経済協力開発機構拠出金,0,False,[],0.4,0,縮小,業務取扱費は縮小
労働保険,労災勘定,業務取扱費,賠償償還及払戻金,0,False,[],0.4,0,縮小,業務取扱費は縮小
労働保険,労災勘定,業務取扱費,貨幣交換差減補填金,0,False,[],0.4,0,縮小,業務取扱費は縮小
労働保険,労災勘定,業務取扱費,一般会計へ繰入,0,True,—,0.0,0,除外（純計外）,特別会計間繰入。純計から除外
労働保険,労災勘定,施設整備費,施設施工旅費,0,False,[],0.2,0,縮小,同上
労働保険,労災勘定,施設整備費,施設施工庁費,6,False,[],0.2,1,縮小,同上
労働保険,労災勘定,施設整備費,施設整備費,53,False,[],0.2,10,縮小,核施設のみ
労働保険,労災勘定,施設整備費,不動産購入費,1,False,[],0.2,0,縮小,同上
労働保険,労災勘定,保険料返還金等徴収勘定へ繰入,徴収勘定へ繰入,182,True,—,0.0,0,除外（純計外）,特別会計間繰入。純計から除外
労働保険,労災勘定,予備費,(予備費),550,False,[],0.3,165,縮小,政府縮小後も一定額必要
労働保険,労災勘定,業務取扱費,職員基本給,31,False,[],0.4,12,縮小,政府縮小で職員削減
労働保険,労災勘定,業務取扱費,職員諸手当,15,False,[],0.4,6,縮小,同上
労働保険,労災勘定,業務取扱費,超過勤務手当,2,False,[],0.3,0,縮小,縮小
労働保険,労災勘定,業務取扱費,休職者給与,0,False,[],0.4,0,縮小,業務取扱費は縮小
労働保険,労災勘定,業務取扱費,短時間勤務職員給与,1,False,[],0.4,0,縮小,同上
労働保険,労災勘定,業務取扱費,公務災害補償費,0,False,[],0.4,0,縮小,業務取扱費は縮小
労働保険,労災勘定,業務取扱費,退職手当,7,False,[],0.5,3,縮小,当面維持
労働保険,労災勘定,業務取扱費,児童手当,0,False,[],0.4,0,縮小,業務取扱費は縮小
労働保険,労災勘定,業務取扱費,諸謝金,43,False,[],0.4,17,縮小,縮小
労働保険,労災勘定,業務取扱費,報奨金,119,False,[],0.3,35,縮小,削減
労働保険,労災勘定,業務取扱費,職員旅費,0,False,[],0.4,0,縮小,業務取扱費は縮小
労働保険,労災勘定,業務取扱費,滞納処分等旅費,0,False,[],0.4,0,縮小,業務取扱費は縮小
労働保険,労災勘定,業務取扱費,赴任旅費,0,False,[],0.4,0,縮小,業務取扱費は縮小
労働保険,労災勘定,業務取扱費,委員等旅費,0,False,[],0.4,0,縮小,業務取扱費は縮小
労働保険,労災勘定,業務取扱費,庁費,41,False,[],0.4,16,縮小,管理費縮小
労働保険,労災勘定,業務取扱費,情報処理業務庁費,87,False,[],0.3,26,縮小,IT縮小
労働保険,労災勘定,業務取扱費,労働保険業務庁費,8,False,[],0.4,3,縮小,管理費縮小
労働保険,労災勘定,業務取扱費,雇用保険印紙作成費,0,False,[],0.4,0,縮小,業務取扱費は縮小
労働保険,労災勘定,業務取扱費,電子計算機等借料,24,False,[],0.3,7,縮小,IT縮小
労働保険,労災勘定,業務取扱費,自動車重量税,0,False,[],0.4,0,縮小,業務取扱費は縮小
労働保険,労災勘定,業務取扱費,消費税,0,False,[],0.4,0,縮小,業務取扱費は縮小
労働保険,労災勘定,業務取扱費,労働保険加入促進等業務委託費,27,False,[],0.4,10,縮小,業務取扱費は縮小
労働保険,労災勘定,業務取扱費,国家公務員共済組合負担金,12,False,[],0.3,3,縮小,共済廃止・民間保険移行期
労働保険,労災勘定,業務取扱費,石綿健康被害救済事業交付金,43,False,[9],0.8,34,縮小,⑨石綿被害は外部効果対応
労働保険,労災勘定,業務取扱費,賠償償還及払戻金,0,False,[],0.4,0,縮小,業務取扱費は縮小
労働保険,労災勘定,業務取扱費,一般会計へ繰入,0,True,—,0.0,0,除外（純計外）,特別会計間繰入。純計から除外
労働保険,労災勘定,保険給付費等財源労災勘定へ繰入,労災勘定へ繰入,10176,True,—,0.0,0,除外（純計外）,特別会計間繰入。純計から除外
労働保険,労災勘定,失業等給付費等財源雇用勘定へ繰入,雇用勘定へ繰入,21943,True,—,0.0,0,除外（純計外）,特別会計間繰入。純計から除外
労働保険,労災勘定,諸支出金,賠償償還及払戻金,12,False,[5],1.0,12,維持,⑤返還義務
労働保険,労災勘定,諸支出金,保険料返還金,499,False,[5],1.0,499,維持,⑤契約上の返還義務
労働保険,労災勘定,育児休業給付費等子ども・子育て支援特別会計へ繰入,育児休業給付費子ども・子育て支援特別会計育児休業等給付勘定へ繰入,8958,True,—,0.0,0,除外（純計外）,特別会計間繰入。純計から除外
労働保険,労災勘定,育児休業給付費等子ども・子育て支援特別会計へ繰入,子ども・子育て支援特別会計育児休業等給付勘定へ繰入,181,True,—,0.0,0,除外（純計外）,特別会計間繰入。純計から除外
労働保険,労災勘定,予備費,(予備費),1,False,[],0.3,0,縮小,政府縮小後も一定額必要
年金,基礎年金勘定,基礎年金給付費,基礎年金給付費,288509,False,[10],0.0,0,廃止,HSA統合口座移行
年金,基礎年金勘定,基礎年金相当給付費他勘定へ繰入及交付金,国家公務員共済組合連合会等交付金,283,False,[10],0.0,0,廃止,共済廃止
年金,基礎年金勘定,基礎年金相当給付費他勘定へ繰入及交付金,国民年金勘定へ繰入,203,True,—,0.0,0,除外（純計外）,特別会計間繰入。純計から除外
年金,基礎年金勘定,基礎年金相当給付費他勘定へ繰入及交付金,厚生年金勘定へ繰入,217,True,—,0.0,0,除外（純計外）,特別会計間繰入。純計から除外
年金,基礎年金勘定,諸支出金,賠償償還及払戻金,0,False,[5],1.0,0,維持,⑤契約上の返還義務
年金,基礎年金勘定,諸支出金,貨幣交換差減補填金,0,False,[],0.3,0,縮小,移行期処理
年金,基礎年金勘定,諸支出金,支払調整金繰入,6,False,[],0.3,1,縮小,移行期のみ
年金,基礎年金勘定,予備費,(予備費),580,False,[],0.2,116,縮小,移行期は一定額必要
年金,基礎年金勘定,特別障害給付金給付費,特別障害給付金給付費,22,False,[10],1.0,22,維持,⑩特別障害給付金は維持
年金,基礎年金勘定,福祉年金給付費,福祉年金給付費,0,False,[10],1.0,0,維持,⑩無拠出・低所得者給付。維持
年金,基礎年金勘定,国民年金給付費,国民年金給付費,1552,False,[10],0.0,0,廃止,国民年金廃止
年金,基礎年金勘定,基礎年金給付費等基礎年金勘定へ繰入,基礎年金勘定へ繰入,39307,True,—,0.0,0,除外（純計外）,特別会計間繰入。純計から除外
年金,基礎年金勘定,年金相談事業費等業務勘定へ繰入,業務勘定へ繰入,758,True,—,0.0,0,除外（純計外）,特別会計間繰入。純計から除外
年金,基礎年金勘定,諸支出金,賠償償還及払戻金,745,False,[5],1.0,745,維持,⑤契約上の返還義務
年金,基礎年金勘定,諸支出金,貨幣交換差減補填金,0,False,[],0.3,0,縮小,移行期処理
年金,基礎年金勘定,諸支出金,支払調整金繰入,0,False,[],0.3,0,縮小,移行期のみ
年金,基礎年金勘定,予備費,(予備費),3,False,[],0.2,0,縮小,移行期は一定額必要
年金,基礎年金勘定,保険給付費,存続厚生年金基金等給付費等負担金,4531,False,[10],0.0,0,廃止,厚生年金基金廃止
年金,基礎年金勘定,保険給付費,保険給付費,259967,False,[10],0.0,0,廃止,老齢厚生年金廃止（HSA移行）
年金,基礎年金勘定,実施機関保険給付費等交付金,国家公務員共済組合連合会等交付金,50741,False,[10],0.0,0,廃止,共済等への給付交付金。HSA移行で廃止
年金,基礎年金勘定,基礎年金給付費等基礎年金勘定へ繰入,基礎年金勘定へ繰入,218979,True,—,0.0,0,除外（純計外）,特別会計間繰入。純計から除外
年金,基礎年金勘定,年金相談事業費等業務勘定へ繰入,業務勘定へ繰入,2778,True,—,0.0,0,除外（純計外）,特別会計間繰入。純計から除外
年金,基礎年金勘定,諸支出金,賠償償還及払戻金,201,False,[5],1.0,201,維持,⑤契約上の返還義務
年金,基礎年金勘定,諸支出金,貨幣交換差減補填金,0,False,[],0.3,0,縮小,移行期処理
年金,基礎年金勘定,諸支出金,一般会計へ繰入,0,True,—,0.0,0,除外（純計外）,特別会計間繰入。純計から除外
年金,基礎年金勘定,諸支出金,支払調整金繰入,95,False,[],0.3,28,縮小,移行期のみ
年金,基礎年金勘定,予備費,(予備費),520,False,[],0.2,104,縮小,移行期は一定額必要
年金,基礎年金勘定,保険料等交付金,保険料等交付金,131122,False,[10],0.0,0,廃止,第3号被保険者向け交付金。HSA移行で廃止
年金,基礎年金勘定,業務取扱費等業務勘定へ繰入,業務勘定へ繰入,473,True,—,0.0,0,除外（純計外）,特別会計間繰入。純計から除外
年金,基礎年金勘定,諸支出金,賠償償還及払戻金,97,False,[5],1.0,97,維持,⑤契約上の返還義務
年金,基礎年金勘定,国債整理基金特別会計へ繰入,国債整理基金特別会計へ繰入,14707,True,—,0.0,0,除外（純計外）,特別会計間繰入。純計から除外
年金,基礎年金勘定,業務取扱費,職員基本給,16,False,[],0.2,3,縮小,HSA移行期の縮小存続
年金,基礎年金勘定,業務取扱費,職員諸手当,8,False,[],0.2,1,縮小,HSA移行期の縮小存続
年金,基礎年金勘定,業務取扱費,超過勤務手当,2,False,[],0.2,0,縮小,HSA移行期の縮小存続
年金,基礎年金勘定,業務取扱費,委員手当,0,False,[],0.2,0,縮小,HSA移行期の縮小存続
年金,基礎年金勘定,業務取扱費,非常勤職員手当,5,False,[],0.2,1,縮小,HSA移行期の縮小存続
年金,基礎年金勘定,業務取扱費,休職者給与,0,False,[],0.2,0,縮小,HSA移行期の縮小存続
年金,基礎年金勘定,業務取扱費,短時間勤務職員給与,1,False,[],0.2,0,縮小,HSA移行期の縮小存続
年金,基礎年金勘定,業務取扱費,公務災害補償費,0,False,[],0.2,0,縮小,HSA移行期の縮小存続
年金,基礎年金勘定,業務取扱費,退職手当,3,False,[],0.2,0,縮小,HSA移行期の縮小存続
年金,基礎年金勘定,業務取扱費,児童手当,0,False,[],0.2,0,縮小,HSA移行期の縮小存続
年金,基礎年金勘定,業務取扱費,諸謝金,0,False,[],0.2,0,縮小,HSA移行期の縮小存続
年金,基礎年金勘定,業務取扱費,職員旅費,0,False,[],0.2,0,縮小,HSA移行期の縮小存続
年金,基礎年金勘定,業務取扱費,滞納処分等旅費,0,False,[],0.2,0,縮小,HSA移行期の縮小存続
年金,基礎年金勘定,業務取扱費,赴任旅費,0,False,[],0.2,0,縮小,HSA移行期の縮小存続
年金,基礎年金勘定,業務取扱費,委員等旅費,0,False,[],0.2,0,縮小,HSA移行期の縮小存続
年金,基礎年金勘定,業務取扱費,参考人等旅費,0,False,[],0.2,0,縮小,HSA移行期の縮小存続
年金,基礎年金勘定,業務取扱費,庁費,8,False,[],0.2,1,縮小,HSA移行期の縮小存続
年金,基礎年金勘定,業務取扱費,情報処理業務庁費,8,False,[],0.2,1,縮小,HSA移行期の縮小存続
年金,基礎年金勘定,業務取扱費,国有財産管理処分庁費,2,False,[],0.2,0,縮小,HSA移行期の縮小存続
年金,基礎年金勘定,業務取扱費,健康保険印紙作成費,0,False,[],0.2,0,縮小,HSA移行期の縮小存続
年金,基礎年金勘定,業務取扱費,口座振替納付等事務手数料,42,False,[],0.2,8,縮小,移行期
年金,基礎年金勘定,業務取扱費,土地建物借料,1,False,[],0.2,0,縮小,HSA移行期の縮小存続
年金,基礎年金勘定,業務取扱費,消費税,0,False,[],0.2,0,縮小,HSA移行期の縮小存続
年金,基礎年金勘定,業務取扱費,国家公務員共済組合負担金,7,False,[],0.2,1,縮小,HSA移行期の縮小存続
年金,基礎年金勘定,業務取扱費,国民年金等事務取扱交付金,330,False,[],0.1,33,縮小,HSA移行期の最小維持
年金,基礎年金勘定,業務取扱費,健康保険事務指定市町村交付金,0,False,[],0.2,0,縮小,HSA移行期の縮小存続
年金,基礎年金勘定,業務取扱費,賠償償還及払戻金,1,False,[],0.2,0,縮小,HSA移行期の縮小存続
年金,基礎年金勘定,業務取扱費,一般会計へ繰入,0,True,—,0.0,0,除外（純計外）,特別会計間繰入。純計から除外
年金,基礎年金勘定,社会保険オンラインシステム費,社会保険オンラインシステム業務庁費,1081,False,[],0.3,324,縮小,移行業務として当面維持
年金,基礎年金勘定,社会保険オンラインシステム費,社会保険オンラインシステム利用庁費,92,False,[],0.3,27,縮小,同上
年金,基礎年金勘定,社会保険オンラインシステム費,電子計算機等借料,153,False,[],0.3,45,縮小,同上
年金,基礎年金勘定,日本年金機構運営費,日本年金機構運営費交付金,1140,False,[],0.2,228,縮小,同上
年金,基礎年金勘定,日本年金機構運営費,日本年金機構事業運営費交付金,2483,False,[],0.2,496,縮小,HSA移行期の縮小存続
年金,基礎年金勘定,独立行政法人福祉医療機構納付金等相当財源健康勘定へ繰入,健康勘定へ繰入,2,True,—,0.0,0,除外（純計外）,特別会計間繰入。純計から除外
年金,基礎年金勘定,諸支出金,賠償償還及払戻金,3,False,[5],1.0,3,維持,⑤契約上の返還義務
年金,基礎年金勘定,一般会計へ繰入,一般会計へ繰入,0,True,—,0.0,0,除外（純計外）,特別会計間繰入。純計から除外
年金,基礎年金勘定,児童手当等子ども・子育て支援特別会計へ繰入,児童手当等子ども・子育て支援特別会計子ども・子育て支援勘定へ繰入,5457,True,—,0.0,0,除外（純計外）,特別会計間繰入。純計から除外
年金,基礎年金勘定,児童手当等子ども・子育て支援特別会計へ繰入,仕事・子育て両立支援事業等子ども・子育て支援特別会計子ども・子育て支援勘定へ繰入,1998,True,—,0.0,0,除外（純計外）,特別会計間繰入。純計から除外
年金,基礎年金勘定,予備費,(予備費),0,False,[],0.2,0,縮小,移行期は一定額必要
子ども・子育て支援,子ども・子育て支援勘定,児童手当交付金,児童手当交付金,20973,False,[10],0.5,10486,半減,NIT移行前の経過措置として残す
子ども・子育て支援,子ども・子育て支援勘定,妊婦のための支援給付費,妊婦のための支援給付事業費補助金,23,False,[10],0.5,11,半減,同上
子ども・子育て支援,子ども・子育て支援勘定,妊婦のための支援給付費,妊婦のための支援給付交付金,774,False,[10],0.5,387,半減,NIT移行期措置
子ども・子育て支援,子ども・子育て支援勘定,子ども・子育て支援推進費,子どものための教育・保育給付費補助金,18,False,[],0.0,0,廃止,廃止
子ども・子育て支援,子ども・子育て支援勘定,子ども・子育て支援推進費,子どものための教育・保育給付交付金,18757,False,[],0.0,0,廃止,保育補助廃止。民間市場
子ども・子育て支援,子ども・子育て支援勘定,子ども・子育て支援推進費,子育てのための施設等利用給付交付金,863,False,[],0.0,0,廃止,廃止
子ども・子育て支援,子ども・子育て支援勘定,乳児等のための支援給付費,乳児等のための支援給付交付金,348,False,[10],0.5,174,半減,NIT移行期措置
子ども・子育て支援,子ども・子育て支援勘定,地域子ども・子育て支援及仕事・子育て両立支援事業費,諸謝金,0,False,[],0.0,0,廃止,廃止
子ども・子育て支援,子ども・子育て支援勘定,地域子ども・子育て支援及仕事・子育て両立支援事業費,職員旅費,0,False,[],0.0,0,廃止,廃止
子ども・子育て支援,子ども・子育て支援勘定,地域子ども・子育て支援及仕事・子育て両立支援事業費,委員等旅費,0,False,[],0.0,0,廃止,廃止
子ども・子育て支援,子ども・子育て支援勘定,地域子ども・子育て支援及仕事・子育て両立支援事業費,庁費,0,False,[],0.0,0,廃止,廃止
子ども・子育て支援,子ども・子育て支援勘定,地域子ども・子育て支援及仕事・子育て両立支援事業費,仕事・子育て両立支援事業適正化業務庁費,0,False,[],0.0,0,廃止,廃止
子ども・子育て支援,子ども・子育て支援勘定,地域子ども・子育て支援及仕事・子育て両立支援事業費,仕事・子育て両立支援事業適正化業務委託費,34,False,[],0.0,0,廃止,廃止
子ども・子育て支援,子ども・子育て支援勘定,地域子ども・子育て支援及仕事・子育て両立支援事業費,仕事・子育て両立支援事業費補助金,2430,False,[],0.0,0,廃止,廃止
子ども・子育て支援,子ども・子育て支援勘定,地域子ども・子育て支援及仕事・子育て両立支援事業費,子ども・子育て支援交付金,2163,False,[],0.0,0,廃止,廃止
子ども・子育て支援,子ども・子育て支援勘定,地域子ども・子育て支援及仕事・子育て両立支援事業費,子ども・子育て支援施設整備交付金,67,False,[],0.0,0,廃止,廃止
子ども・子育て支援,子ども・子育て支援勘定,業務取扱費,職員基本給,2,False,[],0.3,0,縮小,縮小
子ども・子育て支援,子ども・子育て支援勘定,業務取扱費,職員諸手当,1,False,[],0.3,0,縮小,縮小
子ども・子育て支援,子ども・子育て支援勘定,業務取扱費,超過勤務手当,0,False,[],0.3,0,縮小,縮小
子ども・子育て支援,子ども・子育て支援勘定,業務取扱費,退職手当,0,False,[],0.3,0,縮小,縮小
子ども・子育て支援,子ども・子育て支援勘定,業務取扱費,児童手当,0,False,[],0.3,0,縮小,縮小
子ども・子育て支援,子ども・子育て支援勘定,業務取扱費,諸謝金,0,False,[],0.3,0,縮小,縮小
子ども・子育て支援,子ども・子育て支援勘定,業務取扱費,職員旅費,0,False,[],0.3,0,縮小,縮小
子ども・子育て支援,子ども・子育て支援勘定,業務取扱費,赴任旅費,0,False,[],0.3,0,縮小,縮小
子ども・子育て支援,子ども・子育て支援勘定,業務取扱費,委員等旅費,0,False,[],0.3,0,縮小,縮小
子ども・子育て支援,子ども・子育て支援勘定,業務取扱費,庁費,0,False,[],0.3,0,縮小,縮小
子ども・子育て支援,子ども・子育て支援勘定,業務取扱費,情報処理業務庁費,27,False,[],0.3,8,縮小,縮小
子ども・子育て支援,子ども・子育て支援勘定,業務取扱費,拠出金納付手数料,0,False,[],0.3,0,縮小,縮小
子ども・子育て支援,子ども・子育て支援勘定,業務取扱費,子ども・子育て支援調査委託費,2,False,[],0.3,0,縮小,縮小
子ども・子育て支援,子ども・子育て支援勘定,業務取扱費,子ども・子育て支援事業費補助金,104,False,[10],0.5,52,半減,NIT移行前の経過措置
子ども・子育て支援,子ども・子育て支援勘定,業務取扱費,国家公務員共済組合負担金,0,False,[],0.3,0,縮小,縮小
子ども・子育て支援,子ども・子育て支援勘定,業務取扱費,年金特別会計業務勘定へ繰入,19,True,—,0.0,0,除外（純計外）,特別会計間繰入。純計から除外
子ども・子育て支援,子ども・子育て支援勘定,出生後休業支援等給付費等育児休業等給付勘定へ繰入,育児休業等給付勘定へ繰入,772,True,—,0.0,0,除外（純計外）,特別会計間繰入。純計から除外
子ども・子育て支援,子ども・子育て支援勘定,諸支出金,賠償償還及払戻金,1,False,[5],1.0,1,維持,⑤返還義務
子ども・子育て支援,子ども・子育て支援勘定,諸支出金,年金特別会計業務勘定へ繰入,3,True,—,0.0,0,除外（純計外）,特別会計間繰入。純計から除外
子ども・子育て支援,子ども・子育て支援勘定,子ども・子育て支援特例公債事務取扱費一般会計へ繰入,一般会計へ繰入,0,True,—,0.0,0,除外（純計外）,特別会計間繰入。純計から除外
子ども・子育て支援,子ども・子育て支援勘定,国民年金事業費年金特別会計へ繰入,年金特別会計国民年金勘定へ繰入,151,True,—,0.0,0,除外（純計外）,特別会計間繰入。純計から除外
子ども・子育て支援,子ども・子育て支援勘定,国債整理基金特別会計へ繰入,国債整理基金特別会計へ繰入,382,True,—,0.0,0,除外（純計外）,特別会計間繰入。純計から除外
子ども・子育て支援,子ども・子育て支援勘定,予備費,(予備費),40,False,[],0.2,8,縮小,縮小
子ども・子育て支援,子ども・子育て支援勘定,育児休業給付費,育児休業給付金,8896,False,[],0.0,0,廃止,民間契約・HSAで対応
子ども・子育て支援,子ども・子育て支援勘定,出生後休業支援等給付費,出生後休業支援給付金,247,False,[],0.0,0,廃止,廃止
子ども・子育て支援,子ども・子育て支援勘定,出生後休業支援等給付費,育児時短就業給付金,505,False,[],0.0,0,廃止,廃止
子ども・子育て支援,子ども・子育て支援勘定,業務取扱費,職員基本給,2,False,[],0.3,0,縮小,縮小
子ども・子育て支援,子ども・子育て支援勘定,業務取扱費,職員諸手当,1,False,[],0.3,0,縮小,縮小
子ども・子育て支援,子ども・子育て支援勘定,業務取扱費,超過勤務手当,0,False,[],0.3,0,縮小,縮小
子ども・子育て支援,子ども・子育て支援勘定,業務取扱費,休職者給与,0,False,[],0.3,0,縮小,縮小
子ども・子育て支援,子ども・子育て支援勘定,業務取扱費,短時間勤務職員給与,1,False,[],0.3,0,縮小,縮小
子ども・子育て支援,子ども・子育て支援勘定,業務取扱費,公務災害補償費,0,False,[],0.3,0,縮小,縮小
子ども・子育て支援,子ども・子育て支援勘定,業務取扱費,退職手当,1,False,[],0.3,0,縮小,縮小
子ども・子育て支援,子ども・子育て支援勘定,業務取扱費,児童手当,0,False,[],0.3,0,縮小,縮小
子ども・子育て支援,子ども・子育て支援勘定,業務取扱費,諸謝金,9,False,[],0.3,2,縮小,縮小
子ども・子育て支援,子ども・子育て支援勘定,業務取扱費,職員旅費,0,False,[],0.3,0,縮小,縮小
子ども・子育て支援,子ども・子育て支援勘定,業務取扱費,赴任旅費,0,False,[],0.3,0,縮小,縮小
子ども・子育て支援,子ども・子育て支援勘定,業務取扱費,委員等旅費,0,False,[],0.3,0,縮小,縮小
子ども・子育て支援,子ども・子育て支援勘定,業務取扱費,証人等旅費,0,False,[],0.3,0,縮小,縮小
子ども・子育て支援,子ども・子育て支援勘定,業務取扱費,庁費,1,False,[],0.3,0,縮小,縮小
子ども・子育て支援,子ども・子育て支援勘定,業務取扱費,情報処理業務庁費,50,False,[],0.3,15,縮小,縮小
子ども・子育て支援,子ども・子育て支援勘定,業務取扱費,育児休業等給付業務庁費,3,False,[],0.3,0,縮小,縮小
子ども・子育て支援,子ども・子育て支援勘定,業務取扱費,電子計算機等借料,27,False,[],0.3,8,縮小,縮小
子ども・子育て支援,子ども・子育て支援勘定,業務取扱費,雇用保険活用援助事業委託費,4,False,[],0.3,1,縮小,縮小
子ども・子育て支援,子ども・子育て支援勘定,業務取扱費,国家公務員共済組合負担金,1,False,[],0.3,0,縮小,縮小
子ども・子育て支援,子ども・子育て支援勘定,業務取扱費,賠償償還及払戻金,0,False,[],0.3,0,縮小,縮小
子ども・子育て支援,子ども・子育て支援勘定,出生後休業支援等給付業務費,退職手当,0,False,[],0.0,0,廃止,廃止
子ども・子育て支援,子ども・子育て支援勘定,出生後休業支援等給付業務費,諸謝金,4,False,[],0.0,0,廃止,廃止
子ども・子育て支援,子ども・子育て支援勘定,出生後休業支援等給付業務費,庁費,0,False,[],0.0,0,廃止,廃止
子ども・子育て支援,子ども・子育て支援勘定,出生後休業支援等給付業務費,育児休業等給付業務庁費,14,False,[],0.0,0,廃止,廃止
子ども・子育て支援,子ども・子育て支援勘定,出生後休業支援等給付業務費,国家公務員共済組合負担金,0,False,[],0.0,0,廃止,廃止
子ども・子育て支援,子ども・子育て支援勘定,育児休業給付資金へ繰入,育児休業給付資金へ繰入,1192,True,—,0.0,0,除外（純計外）,特別会計間繰入。純計から除外
子ども・子育て支援,子ども・子育て支援勘定,保険料返還金等労働保険特別会計へ繰入,労働保険特別会計徴収勘定へ繰入,76,True,—,0.0,0,除外（純計外）,特別会計間繰入。純計から除外
食料安定供給,農業経営安定勘定,農業経営安定事業費,農業経営安定事業収入減少影響緩和対策業務委託費,0,False,[],0.0,0,廃止,廃止
食料安定供給,農業経営安定勘定,農業経営安定事業費,農業経営安定事業生産条件不利補正対策交付金,1924,False,[],0.0,0,廃止,農業補助金廃止
食料安定供給,農業経営安定勘定,農業経営安定事業費,農業経営安定事業収入減少影響緩和対策交付金,467,False,[],0.0,0,廃止,廃止
食料安定供給,農業経営安定勘定,事務取扱費業務勘定へ繰入,業務勘定へ繰入,1,True,—,0.0,0,除外（純計外）,特別会計間繰入。純計から除外
食料安定供給,農業経営安定勘定,予備費,(予備費),0,False,[],0.0,0,廃止,農業保険廃止後は不要
食料安定供給,農業経営安定勘定,食糧買入費,食糧買入費,7240,False,[9],0.2,1448,縮小,戦略的備蓄は最小限（安全保障⑨の範囲）
食料安定供給,農業経営安定勘定,食糧管理費,流通業務取扱費,1,False,[],0.0,0,廃止,廃止
食料安定供給,農業経営安定勘定,食糧管理費,米穀販売・管理業務委託費,263,False,[],0.0,0,廃止,食糧管理制度廃止
食料安定供給,農業経営安定勘定,食糧管理費,米穀安定供給活動支援対策費補助金,49,False,[],0.0,0,廃止,廃止
食料安定供給,農業経営安定勘定,食糧管理費,食糧麦備蓄対策費補助金,53,False,[9],0.3,15,縮小,⑨最小備蓄は維持
食料安定供給,農業経営安定勘定,交付金等他勘定へ繰入,農業経営安定勘定へ繰入,318,True,—,0.0,0,除外（純計外）,特別会計間繰入。純計から除外
食料安定供給,農業経営安定勘定,交付金等他勘定へ繰入,業務勘定へ繰入,292,True,—,0.0,0,除外（純計外）,特別会計間繰入。純計から除外
食料安定供給,農業経営安定勘定,融通証券等事務取扱費一般会計へ繰入,一般会計へ繰入,0,True,—,0.0,0,除外（純計外）,特別会計間繰入。純計から除外
食料安定供給,農業経営安定勘定,国債整理基金特別会計へ繰入,国債整理基金特別会計へ繰入,11,True,—,0.0,0,除外（純計外）,特別会計間繰入。純計から除外
食料安定供給,農業経営安定勘定,予備費,(予備費),820,False,[],0.0,0,廃止,農業保険廃止後は不要
食料安定供給,農業経営安定勘定,農業再保険費及交付金,農業共済組合連合会等交付金,541,False,[],0.0,0,廃止,農業再保険廃止
食料安定供給,農業経営安定勘定,農業再保険費及交付金,家畜共済損害防止事業交付金,4,False,[],0.0,0,廃止,廃止
食料安定供給,農業経営安定勘定,農業再保険費及交付金,賠償償還及払戻金,0,False,[],0.0,0,廃止,廃止
食料安定供給,農業経営安定勘定,農業再保険費及交付金,再保険金,230,False,[],0.0,0,廃止,農業再保険廃止
食料安定供給,農業経営安定勘定,事務取扱費業務勘定へ繰入,業務勘定へ繰入,10,True,—,0.0,0,除外（純計外）,特別会計間繰入。純計から除外
食料安定供給,農業経営安定勘定,予備費,(予備費),147,False,[],0.0,0,廃止,農業保険廃止後は不要
食料安定供給,農業経営安定勘定,漁船再保険費及交付金,漁船保険組合交付金,40,False,[],0.0,0,廃止,漁船再保険廃止
食料安定供給,農業経営安定勘定,漁船再保険費及交付金,賠償償還及払戻金,0,False,[],0.0,0,廃止,廃止
食料安定供給,農業経営安定勘定,漁船再保険費及交付金,再保険金,20,False,[],0.0,0,廃止,廃止
食料安定供給,農業経営安定勘定,事務取扱費業務勘定へ繰入,業務勘定へ繰入,5,True,—,0.0,0,除外（純計外）,特別会計間繰入。純計から除外
食料安定供給,農業経営安定勘定,予備費,(予備費),0,False,[],0.0,0,廃止,農業保険廃止後は不要
食料安定供給,農業経営安定勘定,漁業共済保険費及交付金,漁業共済組合連合会交付金,45,False,[],0.0,0,廃止,廃止
食料安定供給,農業経営安定勘定,漁業共済保険費及交付金,賠償償還及払戻金,0,False,[],0.0,0,廃止,廃止
食料安定供給,農業経営安定勘定,漁業共済保険費及交付金,保険金,50,False,[],0.0,0,廃止,漁業共済廃止。民間保険化
食料安定供給,農業経営安定勘定,事務取扱費業務勘定へ繰入,業務勘定へ繰入,1,True,—,0.0,0,除外（純計外）,特別会計間繰入。純計から除外
食料安定供給,農業経営安定勘定,国債整理基金特別会計へ繰入,国債整理基金特別会計へ繰入,23,True,—,0.0,0,除外（純計外）,特別会計間繰入。純計から除外
食料安定供給,農業経営安定勘定,予備費,(予備費),0,False,[],0.0,0,廃止,農業保険廃止後は不要
食料安定供給,農業経営安定勘定,事務取扱費,職員基本給,7,False,[],0.3,2,縮小,縮小
食料安定供給,農業経営安定勘定,事務取扱費,職員諸手当,4,False,[],0.3,1,縮小,縮小
食料安定供給,農業経営安定勘定,事務取扱費,超過勤務手当,1,False,[],0.3,0,縮小,縮小
食料安定供給,農業経営安定勘定,事務取扱費,委員手当,0,False,[],0.3,0,縮小,縮小
食料安定供給,農業経営安定勘定,事務取扱費,休職者給与,0,False,[],0.3,0,縮小,縮小
食料安定供給,農業経営安定勘定,事務取扱費,短時間勤務職員給与,0,False,[],0.3,0,縮小,縮小
食料安定供給,農業経営安定勘定,事務取扱費,公務災害補償費,0,False,[],0.3,0,縮小,縮小
食料安定供給,農業経営安定勘定,事務取扱費,退職手当,1,False,[],0.3,0,縮小,縮小
食料安定供給,農業経営安定勘定,事務取扱費,児童手当,0,False,[],0.3,0,縮小,縮小
食料安定供給,農業経営安定勘定,事務取扱費,諸謝金,0,False,[],0.3,0,縮小,縮小
食料安定供給,農業経営安定勘定,事務取扱費,褒賞品費,0,False,[],0.3,0,縮小,縮小
食料安定供給,農業経営安定勘定,事務取扱費,職員旅費,0,False,[],0.3,0,縮小,縮小
食料安定供給,農業経営安定勘定,事務取扱費,赴任旅費,0,False,[],0.3,0,縮小,縮小
食料安定供給,農業経営安定勘定,事務取扱費,委員等旅費,0,False,[],0.3,0,縮小,縮小
食料安定供給,農業経営安定勘定,事務取扱費,庁費,1,False,[],0.3,0,縮小,縮小
食料安定供給,農業経営安定勘定,事務取扱費,情報処理業務庁費,10,False,[],0.3,3,縮小,縮小
食料安定供給,農業経営安定勘定,事務取扱費,国有財産管理処分庁費,0,False,[],0.3,0,縮小,縮小
食料安定供給,農業経営安定勘定,事務取扱費,電子計算機等借料,0,False,[],0.3,0,縮小,縮小
食料安定供給,農業経営安定勘定,事務取扱費,消費税,273,False,[],0.5,136,縮小,消費税廃止後ゼロ（移行期）
食料安定供給,農業経営安定勘定,事務取扱費,国家公務員共済組合負担金,2,False,[],0.3,0,縮小,縮小
食料安定供給,農業経営安定勘定,事務取扱費,漁業協同組合事務費交付金,3,False,[],0.0,0,廃止,廃止
食料安定供給,農業経営安定勘定,事務取扱費,国有資産所在市町村交付金,0,False,[],0.3,0,縮小,縮小
食料安定供給,農業経営安定勘定,事務取扱費,賠償償還及払戻金,1,False,[],0.3,0,縮小,縮小
食料安定供給,農業経営安定勘定,事務取扱費,貨幣交換差減補填金,0,False,[],0.3,0,縮小,縮小
食料安定供給,農業経営安定勘定,事務取扱費,一般会計へ繰入,0,True,—,0.0,0,除外（純計外）,特別会計間繰入。純計から除外
食料安定供給,農業経営安定勘定,予備費,(予備費),1,False,[],0.0,0,廃止,農業保険廃止後は不要
食料安定供給,農業経営安定勘定,土地改良事業費,かんがい排水事業費,21,False,[],0.0,0,廃止,農業補助廃止
食料安定供給,農業経営安定勘定,土地改良事業費,営繕宿舎費,0,False,[],0.0,0,廃止,廃止
食料安定供給,農業経営安定勘定,土地改良事業工事諸費,職員基本給,1,False,[],0.0,0,廃止,農業補助廃止に伴い廃止
食料安定供給,農業経営安定勘定,土地改良事業工事諸費,職員諸手当,0,False,[],0.0,0,廃止,農業補助廃止に伴い廃止
食料安定供給,農業経営安定勘定,土地改良事業工事諸費,超過勤務手当,0,False,[],0.0,0,廃止,農業補助廃止に伴い廃止
食料安定供給,農業経営安定勘定,土地改良事業工事諸費,短時間勤務職員給与,0,False,[],0.0,0,廃止,農業補助廃止に伴い廃止
食料安定供給,農業経営安定勘定,土地改良事業工事諸費,公務災害補償費,0,False,[],0.0,0,廃止,農業補助廃止に伴い廃止
食料安定供給,農業経営安定勘定,土地改良事業工事諸費,退職手当,0,False,[],0.0,0,廃止,農業補助廃止に伴い廃止
食料安定供給,農業経営安定勘定,土地改良事業工事諸費,児童手当,0,False,[],0.0,0,廃止,農業補助廃止に伴い廃止
食料安定供給,農業経営安定勘定,土地改良事業工事諸費,諸謝金,0,False,[],0.0,0,廃止,農業補助廃止に伴い廃止
食料安定供給,農業経営安定勘定,土地改良事業工事諸費,職員旅費,0,False,[],0.0,0,廃止,農業補助廃止に伴い廃止
食料安定供給,農業経営安定勘定,土地改良事業工事諸費,赴任旅費,0,False,[],0.0,0,廃止,農業補助廃止に伴い廃止
食料安定供給,農業経営安定勘定,土地改良事業工事諸費,庁費,0,False,[],0.0,0,廃止,農業補助廃止に伴い廃止
食料安定供給,農業経営安定勘定,土地改良事業工事諸費,情報処理業務庁費,0,False,[],0.0,0,廃止,農業補助廃止に伴い廃止
食料安定供給,農業経営安定勘定,土地改良事業工事諸費,車両費,0,False,[],0.0,0,廃止,農業補助廃止に伴い廃止
食料安定供給,農業経営安定勘定,土地改良事業工事諸費,用地処理事務費,0,False,[],0.0,0,廃止,農業補助廃止に伴い廃止
食料安定供給,農業経営安定勘定,土地改良事業工事諸費,工事雑費,0,False,[],0.0,0,廃止,農業補助廃止に伴い廃止
食料安定供給,農業経営安定勘定,土地改良事業工事諸費,自動車重量税,0,False,[],0.0,0,廃止,農業補助廃止に伴い廃止
食料安定供給,農業経営安定勘定,土地改良事業工事諸費,国家公務員共済組合負担金,0,False,[],0.0,0,廃止,農業補助廃止に伴い廃止
食料安定供給,農業経営安定勘定,土地改良事業工事諸費,賠償償還及払戻金,0,False,[],0.0,0,廃止,農業補助廃止に伴い廃止
食料安定供給,農業経営安定勘定,土地改良事業費負担金等収入一般会計へ繰入,土地改良事業費負担金収入繰入,11,True,—,0.0,0,除外（純計外）,特別会計間繰入。純計から除外
食料安定供給,農業経営安定勘定,東日本大震災復興土地改良事業費負担金等収入一般会計へ繰入,土地改良事業費負担金収入繰入,0,True,—,0.0,0,除外（純計外）,特別会計間繰入。純計から除外
食料安定供給,農業経営安定勘定,東日本大震災復興土地改良事業費負担金等収入東日本大震災復興特別会計へ繰入,土地改良事業費負担金収入繰入,0,True,—,0.0,0,除外（純計外）,特別会計間繰入。純計から除外
食料安定供給,農業経営安定勘定,国債整理基金特別会計へ繰入,国債整理基金特別会計へ繰入,23,True,—,0.0,0,除外（純計外）,特別会計間繰入。純計から除外
食料安定供給,農業経営安定勘定,予備費,(予備費),1,False,[],0.0,0,廃止,農業保険廃止後は不要
国有林野事業債務管理,,国債整理基金特別会計へ繰入,国債整理基金特別会計へ繰入,3305,True,—,0.0,0,除外（純計外）,特別会計間繰入。純計から除外
特許,,独立行政法人工業所有権情報・研修館運営費,独立行政法人工業所有権情報・研修館運営費交付金,122,False,[2],0.8,97,縮小,⑨財産権情報整備
特許,,事務取扱費,職員基本給,160,False,[2],0.8,128,縮小,⑨財産権保護
特許,,事務取扱費,職員諸手当,95,False,[2],0.8,76,縮小,同上
特許,,事務取扱費,超過勤務手当,17,False,[2],0.8,13,縮小,⑨財産権保護の執行機関
特許,,事務取扱費,委員手当,0,False,[2],0.8,0,縮小,⑨財産権保護の執行機関
特許,,事務取扱費,非常勤職員手当,27,False,[2],0.8,21,縮小,⑨財産権保護の執行機関
特許,,事務取扱費,休職者給与,1,False,[2],0.8,0,縮小,⑨財産権保護の執行機関
特許,,事務取扱費,国際機関等派遣職員給与,1,False,[2],0.8,0,縮小,⑨財産権保護の執行機関
特許,,事務取扱費,短時間勤務職員給与,2,False,[2],0.8,1,縮小,⑨財産権保護の執行機関
特許,,事務取扱費,公務災害補償費,0,False,[2],0.8,0,縮小,⑨財産権保護の執行機関
特許,,事務取扱費,退職手当,28,False,[2],0.8,22,縮小,当面維持
特許,,事務取扱費,児童手当,2,False,[2],0.8,1,縮小,⑨財産権保護の執行機関
特許,,事務取扱費,諸謝金,0,False,[2],0.8,0,縮小,⑨財産権保護の執行機関
特許,,事務取扱費,職員旅費,4,False,[2],0.8,3,縮小,⑨財産権保護の執行機関
特許,,事務取扱費,赴任旅費,0,False,[2],0.8,0,縮小,⑨財産権保護の執行機関
特許,,事務取扱費,委員等旅費,0,False,[2],0.8,0,縮小,⑨財産権保護の執行機関
特許,,事務取扱費,証人旅費,0,False,[2],0.8,0,縮小,⑨財産権保護の執行機関
特許,,事務取扱費,庁費,35,False,[2],0.8,28,縮小,管理費
特許,,事務取扱費,情報処理業務庁費,41,False,[2],0.8,32,縮小,IT維持
特許,,事務取扱費,国会図書館支部庁費,0,False,[2],0.8,0,縮小,管理費
特許,,事務取扱費,成果重視事業特許事務機械化庁費,378,False,[2],0.8,302,縮小,⑨同上。効率化
特許,,事務取扱費,審査審判庁費,528,False,[2],0.8,422,縮小,⑨財産権保護の執行機関として維持
特許,,事務取扱費,特許印紙作成費,0,False,[2],0.8,0,縮小,⑨財産権保護の執行機関
特許,,事務取扱費,特許公報類発行費,0,False,[2],0.8,0,縮小,⑨財産権保護の執行機関
特許,,事務取扱費,通信専用料,0,False,[2],0.8,0,縮小,⑨財産権保護の執行機関
特許,,事務取扱費,口座振替納付等事務手数料,15,False,[2],0.8,12,縮小,管理費
特許,,事務取扱費,国有特許外国出願費,0,False,[2],0.8,0,縮小,⑨財産権保護の執行機関
特許,,事務取扱費,各所修繕,0,False,[2],0.8,0,縮小,⑨財産権保護の執行機関
特許,,事務取扱費,自動車重量税,0,False,[2],0.8,0,縮小,⑨財産権保護の執行機関
特許,,事務取扱費,消費税,2,False,[],0.5,1,縮小,消費税廃止後ゼロ（移行期）
特許,,事務取扱費,工業所有権研究等委託費,7,False,[2],0.8,5,縮小,⑨財産権保護の執行機関
特許,,事務取扱費,特許微生物寄託等業務委託費,1,False,[2],0.8,0,縮小,⑨財産権保護の執行機関
特許,,事務取扱費,中小企業等知的財産活用支援事業委託費,5,False,[],0.0,0,廃止,産業政策廃止
特許,,事務取扱費,工業所有権調査等委託費,15,False,[2],0.8,12,縮小,⑨財産権保護
特許,,事務取扱費,外国工業所有権制度支援事業委託費,4,False,[2],0.8,3,縮小,⑨財産権保護の執行機関
特許,,事務取扱費,中小企業等知的財産活動支援事業費補助金,5,False,[],0.0,0,廃止,廃止
特許,,事務取扱費,国家公務員共済組合負担金,56,False,[2],0.8,44,縮小,縮小
特許,,事務取扱費,世界知的所有権機関事務局分担金,1,False,[2],0.8,0,縮小,⑨財産権保護の執行機関
特許,,事務取扱費,経済協力開発機構拠出金,0,False,[2],0.8,0,縮小,⑨財産権保護の執行機関
特許,,事務取扱費,世界知的所有権機関拠出金,10,False,[2],1.0,10,維持,⑤国際条約上の義務
特許,,事務取扱費,東アジア経済統合研究協力拠出金,1,False,[2],0.8,0,縮小,⑨財産権保護の執行機関
特許,,事務取扱費,交際費,0,False,[2],0.8,0,縮小,⑨財産権保護の執行機関
特許,,事務取扱費,賠償償還及払戻金,8,False,[5],1.0,8,維持,⑤返還義務
特許,,事務取扱費,貨幣交換差減補填金,1,False,[2],0.8,0,縮小,⑨財産権保護の執行機関
特許,,事務取扱費,一般会計へ繰入,0,True,—,0.0,0,除外（純計外）,特別会計間繰入。純計から除外
特許,,施設整備費,施設施工旅費,0,False,[2],0.5,0,縮小,施設縮小
特許,,施設整備費,施設施工庁費,0,False,[2],0.5,0,縮小,施設縮小
特許,,施設整備費,施設整備費,16,False,[2],0.5,8,縮小,施設縮小
特許,,予備費,(予備費),1,False,[2],0.6,0,縮小,縮小
自動車安全,自動車事故対策勘定,被害者保護増進等事業費,被害者保護増進等事業委託費,16,False,"[5, 9]",0.5,8,半減,同上
自動車安全,自動車事故対策勘定,被害者保護増進等事業費,被害者保護増進等事業費補助金,87,False,"[5, 9]",0.5,43,半減,自賠責廃止に伴い縮小
自動車安全,自動車事故対策勘定,独立行政法人自動車事故対策機構運営費,独立行政法人自動車事故対策機構運営費交付金,87,False,[],0.3,26,縮小,自賠責廃止後は最小化
自動車安全,自動車事故対策勘定,独立行政法人自動車事故対策機構施設整備費,独立行政法人自動車事故対策機構施設整備費補助金,14,False,[],0.2,2,縮小,最小施設
自動車安全,自動車事故対策勘定,自動車損害賠償保障事業費,自動車損害賠償保障事業委託費,3,False,[5],0.5,1,半減,同上
自動車安全,自動車事故対策勘定,自動車損害賠償保障事業費,払戻金,0,False,—,0.4,0,要確認,方針未定
自動車安全,自動車事故対策勘定,自動車損害賠償保障事業費,自動車損害賠償保障金,9,False,[5],0.5,4,半減,⑤自賠責移行期間中の維持
自動車安全,自動車事故対策勘定,業務取扱費自動車検査登録勘定へ繰入,業務取扱費財源自動車検査登録勘定へ繰入,18,True,—,0.0,0,除外（純計外）,特別会計間繰入。純計から除外
自動車安全,自動車事故対策勘定,再保険及保険費,再保険金及保険金,0,False,—,0.4,0,要確認,方針未定
自動車安全,自動車事故対策勘定,予備費,(予備費),0,False,[],0.3,0,縮小,縮小
自動車安全,自動車事故対策勘定,独立行政法人自動車技術総合機構運営費,独立行政法人自動車技術総合機構審査勘定運営費交付金,23,False,[8],0.8,18,縮小,⑧型式認証等の規制機能は維持
自動車安全,自動車事故対策勘定,独立行政法人自動車技術総合機構施設整備費,独立行政法人自動車技術総合機構施設整備費補助金,24,False,[8],0.8,19,縮小,⑧維持
自動車安全,自動車事故対策勘定,業務取扱費,職員基本給,60,False,[8],0.6,36,縮小,⑧維持
自動車安全,自動車事故対策勘定,業務取扱費,職員諸手当,32,False,[8],0.6,19,縮小,⑧自動車安全管理
自動車安全,自動車事故対策勘定,業務取扱費,超過勤務手当,5,False,[8],0.6,3,縮小,⑧自動車安全管理
自動車安全,自動車事故対策勘定,業務取扱費,休職者給与,0,False,[8],0.6,0,縮小,⑧自動車安全管理
自動車安全,自動車事故対策勘定,業務取扱費,短時間勤務職員給与,3,False,[8],0.6,1,縮小,⑧自動車安全管理
自動車安全,自動車事故対策勘定,業務取扱費,公務災害補償費,0,False,[8],0.6,0,縮小,⑧自動車安全管理
自動車安全,自動車事故対策勘定,業務取扱費,退職手当,11,False,[8],0.6,6,縮小,⑧自動車安全管理
自動車安全,自動車事故対策勘定,業務取扱費,児童手当,0,False,[8],0.6,0,縮小,⑧自動車安全管理
自動車安全,自動車事故対策勘定,業務取扱費,諸謝金,0,False,[8],0.6,0,縮小,⑧自動車安全管理
自動車安全,自動車事故対策勘定,業務取扱費,職員旅費,2,False,[8],0.6,1,縮小,⑧自動車安全管理
自動車安全,自動車事故対策勘定,業務取扱費,赴任旅費,0,False,[8],0.6,0,縮小,⑧自動車安全管理
自動車安全,自動車事故対策勘定,業務取扱費,委員等旅費,0,False,[8],0.6,0,縮小,⑧自動車安全管理
自動車安全,自動車事故対策勘定,業務取扱費,庁費,38,False,[8],0.6,22,縮小,⑧自動車安全管理
自動車安全,自動車事故対策勘定,業務取扱費,情報処理業務庁費,179,False,[8],0.5,89,縮小,⑧維持
自動車安全,自動車事故対策勘定,業務取扱費,印紙売捌手数料,3,False,[8],0.6,1,縮小,⑧自動車安全管理
自動車安全,自動車事故対策勘定,業務取扱費,土地建物借料,0,False,[8],0.6,0,縮小,⑧自動車安全管理
自動車安全,自動車事故対策勘定,業務取扱費,各所修繕,1,False,[8],0.6,0,縮小,⑧自動車安全管理
自動車安全,自動車事故対策勘定,業務取扱費,自動車重量税,0,False,[8],0.6,0,縮小,⑧自動車安全管理
自動車安全,自動車事故対策勘定,業務取扱費,消費税,0,False,[8],0.6,0,縮小,⑧自動車安全管理
自動車安全,自動車事故対策勘定,業務取扱費,自動車検査基準策定調査等委託費,11,False,[8],0.8,8,縮小,⑧型式認証
自動車安全,自動車事故対策勘定,業務取扱費,自動車基準・認証制度国際化対策事業委託費,4,False,[8],0.8,3,縮小,⑧国際標準
自動車安全,自動車事故対策勘定,業務取扱費,国家公務員共済組合負担金,24,False,[8],0.6,14,縮小,⑧自動車安全管理
自動車安全,自動車事故対策勘定,業務取扱費,国有資産所在市町村交付金,0,False,[8],0.6,0,縮小,⑧自動車安全管理
自動車安全,自動車事故対策勘定,業務取扱費,賠償償還及払戻金,0,False,[8],0.6,0,縮小,⑧自動車安全管理
自動車安全,自動車事故対策勘定,業務取扱費,貨幣交換差減補填金,0,False,[8],0.6,0,縮小,⑧自動車安全管理
自動車安全,自動車事故対策勘定,業務取扱費,一般会計へ繰入,1,True,—,0.0,0,除外（純計外）,特別会計間繰入。純計から除外
自動車安全,自動車事故対策勘定,施設整備費,施設施工旅費,0,False,—,0.4,0,要確認,方針未定
自動車安全,自動車事故対策勘定,施設整備費,施設施工庁費,0,False,—,0.4,0,要確認,方針未定
自動車安全,自動車事故対策勘定,施設整備費,施設整備費,12,False,[8],0.5,6,縮小,縮小
自動車安全,自動車事故対策勘定,予備費,(予備費),1,False,[],0.3,0,縮小,縮小
自動車安全,自動車事故対策勘定,空港等維持運営費,職員基本給,278,False,[8],0.8,222,縮小,⑧維持
自動車安全,自動車事故対策勘定,空港等維持運営費,職員諸手当,155,False,[8],0.8,124,縮小,⑧維持
自動車安全,自動車事故対策勘定,空港等維持運営費,超過勤務手当,35,False,[8],0.8,28,縮小,⑧空港運営
自動車安全,自動車事故対策勘定,空港等維持運営費,非常勤職員手当,0,False,[8],0.8,0,縮小,⑧空港運営
自動車安全,自動車事故対策勘定,空港等維持運営費,休職者給与,1,False,[8],0.8,0,縮小,⑧空港運営
自動車安全,自動車事故対策勘定,空港等維持運営費,短時間勤務職員給与,0,False,[8],0.8,0,縮小,⑧空港運営
自動車安全,自動車事故対策勘定,空港等維持運営費,公務災害補償費,0,False,[8],0.8,0,縮小,⑧空港運営
自動車安全,自動車事故対策勘定,空港等維持運営費,退職手当,47,False,[8],0.8,37,縮小,⑧空港運営
自動車安全,自動車事故対策勘定,空港等維持運営費,児童手当,4,False,[8],0.8,3,縮小,⑧空港運営
自動車安全,自動車事故対策勘定,空港等維持運営費,諸謝金,0,False,[8],0.8,0,縮小,⑧空港運営
自動車安全,自動車事故対策勘定,空港等維持運営費,職員旅費,6,False,[8],0.8,4,縮小,⑧空港運営
自動車安全,自動車事故対策勘定,空港等維持運営費,危害行為防止対策旅費,0,False,[8],0.8,0,縮小,⑧空港運営
自動車安全,自動車事故対策勘定,空港等維持運営費,赴任旅費,4,False,[8],0.8,3,縮小,⑧空港運営
自動車安全,自動車事故対策勘定,空港等維持運営費,施設施工旅費,0,False,[8],0.8,0,縮小,⑧空港運営
自動車安全,自動車事故対策勘定,空港等維持運営費,講師旅費,0,False,[8],0.8,0,縮小,⑧空港運営
自動車安全,自動車事故対策勘定,空港等維持運営費,庁費,368,False,[8],0.8,294,縮小,⑧空港運営（技術的独占）
自動車安全,自動車事故対策勘定,空港等維持運営費,情報処理業務庁費,96,False,[8],0.8,76,縮小,⑧維持
自動車安全,自動車事故対策勘定,空港等維持運営費,危害行為防止対策庁費,320,False,[8],0.8,256,縮小,⑧空港保安
自動車安全,自動車事故対策勘定,空港等維持運営費,車両費,0,False,[8],0.8,0,縮小,⑧空港運営
自動車安全,自動車事故対策勘定,空港等維持運営費,広報費,0,False,[8],0.8,0,縮小,⑧空港運営
自動車安全,自動車事故対策勘定,空港等維持運営費,通信専用料,83,False,[8],0.8,66,縮小,⑧航空管制通信
自動車安全,自動車事故対策勘定,空港等維持運営費,施設施工庁費,0,False,[8],0.8,0,縮小,⑧空港運営（技術的独占）
自動車安全,自動車事故対策勘定,空港等維持運営費,電子計算機借料,0,False,[8],0.8,0,縮小,⑧空港運営
自動車安全,自動車事故対策勘定,空港等維持運営費,口座振替納付等事務手数料,0,False,[8],0.8,0,縮小,⑧空港運営
自動車安全,自動車事故対策勘定,空港等維持運営費,土地建物借料,157,False,[8],0.8,125,縮小,⑧維持
自動車安全,自動車事故対策勘定,空港等維持運営費,各所修繕,1,False,[8],0.8,0,縮小,⑧空港運営
自動車安全,自動車事故対策勘定,空港等維持運営費,公共施設等維持管理運営費,7,False,[8],0.8,5,縮小,⑧空港運営
自動車安全,自動車事故対策勘定,空港等維持運営費,自動車重量税,0,False,[8],0.8,0,縮小,⑧空港運営
自動車安全,自動車事故対策勘定,空港等維持運営費,施設整備費,5,False,[8],0.8,4,縮小,⑧空港運営
自動車安全,自動車事故対策勘定,空港等維持運営費,航空機購入費,2,False,[8],0.8,1,縮小,⑧空港運営
自動車安全,自動車事故対策勘定,空港等維持運営費,国家公務員共済組合負担金,101,False,[8],0.8,80,縮小,縮小
自動車安全,自動車事故対策勘定,空港等維持運営費,国有資産所在市町村交付金,97,False,[],0.0,0,廃止,廃止
自動車安全,自動車事故対策勘定,空港等維持運営費,賠償償還及払戻金,0,False,[8],0.8,0,縮小,⑧空港運営
自動車安全,自動車事故対策勘定,空港等維持運営費,施設運営関連見舞金,0,False,[8],0.8,0,縮小,⑧空港運営
自動車安全,自動車事故対策勘定,空港等維持運営費,貨幣交換差減補填金,0,False,[8],0.8,0,縮小,⑧空港運営
自動車安全,自動車事故対策勘定,空港等維持運営費,一般会計へ繰入,0,True,—,0.0,0,除外（純計外）,特別会計間繰入。純計から除外
自動車安全,自動車事故対策勘定,空港等維持運営費,空港警備機器整備費補助,3,False,[8],0.8,2,縮小,⑧保安
自動車安全,自動車事故対策勘定,空港等維持運営費,航空機騒音障害対策費補助,0,False,[8],0.8,0,縮小,⑧空港運営
自動車安全,自動車事故対策勘定,空港整備事業費,空港整備事業費,1215,False,[8],0.5,607,半減,民間空港への移行で縮小
自動車安全,自動車事故対策勘定,空港整備事業費,空港周辺環境整備事業費,13,False,[9],0.5,6,半減,⑨騒音外部効果
自動車安全,自動車事故対策勘定,空港整備事業費,営繕宿舎費,0,False,[8],0.5,0,半減,民間移行で縮小
自動車安全,自動車事故対策勘定,空港整備事業費,空港整備事業調査費,5,False,[8],0.5,2,半減,民間移行で縮小
自動車安全,自動車事故対策勘定,空港整備事業費,空港整備事業費補助,62,False,[8],0.5,31,半減,同上
自動車安全,自動車事故対策勘定,空港整備事業費,教育施設等騒音防止対策事業費補助,1,False,[8],0.5,0,半減,民間移行で縮小
自動車安全,自動車事故対策勘定,空港整備事業費,後進地域特例法適用団体補助率差額,2,False,[8],0.5,1,半減,民間移行で縮小
自動車安全,自動車事故対策勘定,北海道空港整備事業費,空港整備事業費,93,False,[],0.3,27,縮小,民間移行
自動車安全,自動車事故対策勘定,北海道空港整備事業費,営繕宿舎費,0,False,[],0.3,0,縮小,民間移行
自動車安全,自動車事故対策勘定,北海道空港整備事業費,空港整備事業調査費,0,False,[],0.3,0,縮小,民間移行
自動車安全,自動車事故対策勘定,北海道空港整備事業費,空港整備事業費補助,10,False,[8],0.5,5,半減,同上
自動車安全,自動車事故対策勘定,離島空港整備事業費,空港整備事業費,8,False,[8],0.5,4,半減,民間空港への移行で縮小
自動車安全,自動車事故対策勘定,離島空港整備事業費,空港整備事業費補助,23,False,[9],0.5,11,半減,⑨離島は公共性で一部維持
自動車安全,自動車事故対策勘定,沖縄空港整備事業費,空港整備事業費,101,False,[8],0.8,80,縮小,⑧防衛上の重要性あり維持
自動車安全,自動車事故対策勘定,沖縄空港整備事業費,営繕宿舎費,0,False,[8],0.8,0,縮小,⑧維持
自動車安全,自動車事故対策勘定,沖縄空港整備事業費,空港整備事業調査費,0,False,[8],0.8,0,縮小,⑧維持
自動車安全,自動車事故対策勘定,沖縄空港整備事業費,空港整備事業費補助,11,False,[8],0.5,5,半減,同上
自動車安全,自動車事故対策勘定,航空路整備事業費,航空路整備事業費,274,False,[8],0.8,219,縮小,⑧技術的独占（航空管制）として維持
自動車安全,自動車事故対策勘定,航空路整備事業費,航空路整備事業調査費,0,False,[8],0.8,0,縮小,⑧維持
自動車安全,自動車事故対策勘定,成田国際空港等整備事業資金貸付金,成田国際空港整備事業資金貸付金,100,False,[8],0.5,50,縮小,⑧技術的独占（空港）として一部維持
自動車安全,自動車事故対策勘定,成田国際空港等整備事業資金貸付金,中部国際空港整備事業資金貸付金,10,False,[8],0.5,5,縮小,⑧同上
自動車安全,自動車事故対策勘定,地域公共交通維持・活性化推進費,航空機等購入費補助金,24,False,[9],0.5,12,縮小,⑨離島交通
自動車安全,自動車事故対策勘定,空港等整備事業工事諸費,職員基本給,6,False,[8],0.6,3,縮小,⑧維持
自動車安全,自動車事故対策勘定,空港等整備事業工事諸費,職員諸手当,3,False,[8],0.6,1,縮小,⑧維持
自動車安全,自動車事故対策勘定,空港等整備事業工事諸費,超過勤務手当,1,False,[8],0.6,0,縮小,⑧維持
自動車安全,自動車事故対策勘定,空港等整備事業工事諸費,短時間勤務職員給与,0,False,[8],0.6,0,縮小,⑧維持
自動車安全,自動車事故対策勘定,空港等整備事業工事諸費,退職手当,0,False,[8],0.6,0,縮小,⑧維持
自動車安全,自動車事故対策勘定,空港等整備事業工事諸費,児童手当,0,False,[8],0.6,0,縮小,⑧維持
自動車安全,自動車事故対策勘定,空港等整備事業工事諸費,諸謝金,0,False,[8],0.6,0,縮小,⑧維持
自動車安全,自動車事故対策勘定,空港等整備事業工事諸費,職員旅費,1,False,[8],0.6,0,縮小,⑧維持
自動車安全,自動車事故対策勘定,空港等整備事業工事諸費,工事施行旅費,0,False,[8],0.6,0,縮小,⑧維持
自動車安全,自動車事故対策勘定,空港等整備事業工事諸費,赴任旅費,0,False,[8],0.6,0,縮小,⑧維持
自動車安全,自動車事故対策勘定,空港等整備事業工事諸費,委員等旅費,0,False,[8],0.6,0,縮小,⑧維持
自動車安全,自動車事故対策勘定,空港等整備事業工事諸費,庁費,0,False,[8],0.6,0,縮小,⑧維持
自動車安全,自動車事故対策勘定,空港等整備事業工事諸費,情報処理業務庁費,0,False,[8],0.6,0,縮小,⑧維持
自動車安全,自動車事故対策勘定,空港等整備事業工事諸費,車両費,0,False,[8],0.6,0,縮小,⑧維持
自動車安全,自動車事故対策勘定,空港等整備事業工事諸費,広報費,0,False,[8],0.6,0,縮小,⑧維持
自動車安全,自動車事故対策勘定,空港等整備事業工事諸費,電子計算機借料,0,False,[8],0.6,0,縮小,⑧維持
自動車安全,自動車事故対策勘定,空港等整備事業工事諸費,工事雑費,1,False,[8],0.6,0,縮小,⑧維持
自動車安全,自動車事故対策勘定,空港等整備事業工事諸費,自動車重量税,0,False,[8],0.6,0,縮小,⑧維持
自動車安全,自動車事故対策勘定,空港等整備事業工事諸費,国家公務員共済組合負担金,2,False,[8],0.6,1,縮小,⑧維持
自動車安全,自動車事故対策勘定,空港等整備事業工事諸費,国有資産所在市町村交付金,0,False,[8],0.6,0,縮小,⑧維持
自動車安全,自動車事故対策勘定,空港等整備事業工事諸費,賠償償還及払戻金,0,False,[8],0.6,0,縮小,⑧維持
自動車安全,自動車事故対策勘定,空港等整備事業工事諸費,一般会計へ繰入,0,True,—,0.0,0,除外（純計外）,特別会計間繰入。純計から除外
自動車安全,自動車事故対策勘定,空港等災害復旧事業費,空港等災害復旧費,39,False,"[8, 9]",0.8,31,縮小,⑧⑨災害復旧
自動車安全,自動車事故対策勘定,空港等災害復旧事業費,空港災害復旧事業費補助,1,False,"[8, 9]",0.8,0,縮小,⑧⑨維持
自動車安全,自動車事故対策勘定,国債整理基金特別会計へ繰入,国債整理基金特別会計へ繰入,432,True,—,0.0,0,除外（純計外）,特別会計間繰入。純計から除外
自動車安全,自動車事故対策勘定,予備費,(予備費),0,False,[],0.3,0,縮小,縮小
東日本大震災復興,,復興庁共通費,職員基本給,10,False,[],0.5,5,縮小,管理費
東日本大震災復興,,復興庁共通費,職員諸手当,6,False,[],0.5,3,縮小,管理費
東日本大震災復興,,復興庁共通費,超過勤務手当,2,False,[],0.5,1,縮小,管理費
東日本大震災復興,,復興庁共通費,委員手当,0,False,[],0.5,0,縮小,管理費
東日本大震災復興,,復興庁共通費,非常勤職員手当,1,False,[],0.5,0,縮小,管理費
東日本大震災復興,,復興庁共通費,公務災害補償費,0,False,[],0.5,0,縮小,管理費
東日本大震災復興,,復興庁共通費,退職手当,0,False,[],0.5,0,縮小,管理費
東日本大震災復興,,復興庁共通費,児童手当,0,False,[],0.5,0,縮小,管理費
東日本大震災復興,,復興庁共通費,諸謝金,0,False,[],0.5,0,縮小,管理費
東日本大震災復興,,復興庁共通費,職員旅費,1,False,[],0.5,0,縮小,管理費
東日本大震災復興,,復興庁共通費,赴任旅費,0,False,[],0.5,0,縮小,管理費
東日本大震災復興,,復興庁共通費,委員等旅費,0,False,[],0.5,0,縮小,管理費
東日本大震災復興,,復興庁共通費,庁費,12,False,[],0.5,6,縮小,管理費
東日本大震災復興,,復興庁共通費,情報処理業務庁費,4,False,[],0.5,2,縮小,管理費
東日本大震災復興,,復興庁共通費,復興政策調査費,8,False,[],0.5,4,縮小,政策調査
東日本大震災復興,,復興庁共通費,土地建物借料,1,False,[],0.5,0,縮小,管理費
東日本大震災復興,,復興庁共通費,各所修繕,0,False,[],0.5,0,縮小,管理費
東日本大震災復興,,復興庁共通費,自動車重量税,0,False,[],0.5,0,縮小,管理費
東日本大震災復興,,復興庁共通費,消費税,0,False,[],0.5,0,縮小,管理費
東日本大震災復興,,復興庁共通費,国家公務員共済組合負担金,3,False,[],0.5,1,縮小,管理費
東日本大震災復興,,復興庁共通費,交際費,0,False,[],0.5,0,縮小,管理費
東日本大震災復興,,復興庁共通費,賠償償還及払戻金,0,False,[],0.5,0,縮小,管理費
東日本大震災復興,,復興庁共通費,貨幣交換差減補填金,0,False,[],0.5,0,縮小,管理費
東日本大震災復興,,東日本大震災復興支援対策費,被災者支援総合交付金,55,False,[10],0.7,38,縮小,⑩被災者支援
東日本大震災復興,,東日本大震災復興支援対策費,復興特区支援利子補給金,2,False,[10],0.6,1,縮小,⑩被災者支援
東日本大震災復興,,原子力災害復興再生支援事業費,復興政策調査費,0,False,"[9, 10]",0.8,0,縮小,⑨⑩福島復興
東日本大震災復興,,原子力災害復興再生支援事業費,福島生活環境整備・帰還再生加速事業委託費,52,False,"[9, 10]",0.8,41,縮小,⑨⑩福島復興
東日本大震災復興,,原子力災害復興再生支援事業費,福島再生加速化交付金,590,False,"[9, 10]",0.8,472,縮小,⑨⑩福島復興
東日本大震災復興,,福島国際研究教育機構関連事業費,施設施工旅費,0,False,[9],0.5,0,縮小,⑨同上
東日本大震災復興,,福島国際研究教育機構関連事業費,施設施工庁費,19,False,[9],0.5,9,縮小,⑨同上
東日本大震災復興,,福島国際研究教育機構関連事業費,施設整備費,48,False,[9],0.5,24,縮小,⑨同上
東日本大震災復興,,福島国際研究教育機構関連事業費,不動産購入費,0,False,[9],0.5,0,縮小,⑨同上
東日本大震災復興,,福島国際研究教育機構関連事業費,新産業創出等研究開発推進事業費補助金,117,False,[9],0.5,58,縮小,⑨基礎研究外部効果
東日本大震災復興,,福島国際研究教育機構関連事業費,移転等補償金,0,False,[9],0.5,0,縮小,⑨同上
東日本大震災復興,,内閣共通費,職員基本給,0,False,"[9, 10]",0.5,0,縮小,⑨⑩東日本大震災復興（未分類）
東日本大震災復興,,内閣共通費,職員諸手当,0,False,"[9, 10]",0.5,0,縮小,⑨⑩東日本大震災復興（未分類）
東日本大震災復興,,内閣共通費,退職手当,0,False,"[9, 10]",0.5,0,縮小,⑨⑩東日本大震災復興（未分類）
東日本大震災復興,,内閣共通費,児童手当,0,False,"[9, 10]",0.5,0,縮小,⑨⑩東日本大震災復興（未分類）
東日本大震災復興,,内閣共通費,庁費,0,False,"[9, 10]",0.5,0,縮小,⑨⑩東日本大震災復興（未分類）
東日本大震災復興,,内閣共通費,国家公務員共済組合負担金,0,False,"[9, 10]",0.5,0,縮小,⑨⑩東日本大震災復興（未分類）
東日本大震災復興,,文部科学省共通費,職員基本給,1,False,[10],0.5,0,縮小,⑩教育復興
東日本大震災復興,,文部科学省共通費,職員諸手当,0,False,[10],0.5,0,縮小,⑩教育復興
東日本大震災復興,,文部科学省共通費,超過勤務手当,0,False,[10],0.5,0,縮小,⑩教育復興
東日本大震災復興,,文部科学省共通費,退職手当,0,False,[10],0.5,0,縮小,⑩教育復興
東日本大震災復興,,文部科学省共通費,児童手当,0,False,[10],0.5,0,縮小,⑩教育復興
東日本大震災復興,,文部科学省共通費,庁費,0,False,[10],0.5,0,縮小,⑩教育復興
東日本大震災復興,,文部科学省共通費,国家公務員共済組合負担金,0,False,[10],0.5,0,縮小,⑩教育復興
東日本大震災復興,,農林水産省共通費,職員基本給,0,False,"[9, 10]",0.5,0,縮小,⑨⑩東日本大震災復興（未分類）
東日本大震災復興,,農林水産省共通費,職員諸手当,0,False,"[9, 10]",0.5,0,縮小,⑨⑩東日本大震災復興（未分類）
東日本大震災復興,,農林水産省共通費,超過勤務手当,0,False,"[9, 10]",0.5,0,縮小,⑨⑩東日本大震災復興（未分類）
東日本大震災復興,,農林水産省共通費,児童手当,0,False,"[9, 10]",0.5,0,縮小,⑨⑩東日本大震災復興（未分類）
東日本大震災復興,,農林水産省共通費,庁費,0,False,"[9, 10]",0.5,0,縮小,⑨⑩東日本大震災復興（未分類）
東日本大震災復興,,農林水産省共通費,国家公務員共済組合負担金,0,False,"[9, 10]",0.5,0,縮小,⑨⑩東日本大震災復興（未分類）
東日本大震災復興,,環境省共通費,職員基本給,22,False,[],0.5,11,縮小,人員縮小
東日本大震災復興,,環境省共通費,職員諸手当,11,False,[],0.5,5,縮小,管理費
東日本大震災復興,,環境省共通費,超過勤務手当,1,False,[],0.5,0,縮小,管理費
東日本大震災復興,,環境省共通費,短時間勤務職員給与,0,False,[],0.5,0,縮小,管理費
東日本大震災復興,,環境省共通費,児童手当,0,False,[],0.5,0,縮小,管理費
東日本大震災復興,,環境省共通費,諸謝金,0,False,[],0.5,0,縮小,管理費
東日本大震災復興,,環境省共通費,職員旅費,0,False,[],0.5,0,縮小,管理費
東日本大震災復興,,環境省共通費,委員等旅費,0,False,[],0.5,0,縮小,管理費
東日本大震災復興,,環境省共通費,庁費,10,False,[],0.5,5,縮小,管理費
東日本大震災復興,,環境省共通費,移転費,0,False,[],0.5,0,縮小,管理費
東日本大震災復興,,環境省共通費,土地建物借料,4,False,[],0.5,2,縮小,管理費
東日本大震災復興,,環境省共通費,国家公務員共済組合負担金,6,False,[],0.5,3,縮小,管理費
東日本大震災復興,,地域活性化等復興政策費,避難指示区域入域管理等委託費,33,False,[9],0.8,26,縮小,⑨原子力リスク管理
東日本大震災復興,,地域活性化等復興政策費,特定復興再生拠点区域外帰還・居住調査等委託費,3,False,[10],0.5,1,縮小,⑩被災者支援
東日本大震災復興,,地域活性化等復興政策費,被災者生活再建支援金補助金,5,False,[10],0.5,2,縮小,⑩被災者支援
東日本大震災復興,,地域活性化等復興政策費,特定非営利活動法人等被災者支援交付金,0,False,[10],0.5,0,縮小,⑩被災者支援
東日本大震災復興,,治安復興事業費,都道府県警察施設整備費補助金,2,False,[1],0.8,1,縮小,①法秩序維持
東日本大震災復興,,消費生活復興政策費,職員旅費,0,False,[10],0.5,0,縮小,⑩同上
東日本大震災復興,,消費生活復興政策費,庁費,0,False,[10],0.5,0,縮小,⑩同上
東日本大震災復興,,消費生活復興政策費,食品等試験検査費,0,False,[10],0.5,0,縮小,⑩同上
東日本大震災復興,,消費生活復興政策費,地方消費者行政推進交付金,1,False,"[1, 10]",0.5,0,縮小,⑩消費者保護
東日本大震災復興,,防災行政復興政策費,災害救助費等負担金,0,False,"[9, 10]",0.5,0,縮小,⑨⑩東日本大震災復興（未分類）
東日本大震災復興,,防災行政復興政策費,災害弔慰金等負担金,0,False,"[9, 10]",0.5,0,縮小,⑨⑩東日本大震災復興（未分類）
東日本大震災復興,,防災行政復興政策費,災害援護貸付金,0,False,"[9, 10]",0.5,0,縮小,⑨⑩東日本大震災復興（未分類）
東日本大震災復興,,生活基盤行政復興政策費,職員旅費,0,False,"[9, 10]",0.6,0,縮小,⑨⑩生活基盤
東日本大震災復興,,生活基盤行政復興政策費,情報通信基盤災害復旧事業費補助金,0,False,"[9, 10]",0.6,0,縮小,⑨⑩生活基盤
東日本大震災復興,,生活基盤行政復興政策費,原子力災害避難指示区域消防活動費交付金,1,False,"[1, 9]",0.8,0,縮小,①⑨防災
東日本大震災復興,,生活基盤行政復興事業費,消防防災設備災害復旧費補助金,0,False,"[9, 10]",0.5,0,縮小,⑨⑩東日本大震災復興（未分類）
東日本大震災復興,,生活基盤行政復興事業費,消防防災施設災害復旧費補助金,0,False,"[9, 10]",0.5,0,縮小,⑨⑩東日本大震災復興（未分類）
東日本大震災復興,,財務行政復興事業費,株式会社日本政策金融公庫出資金,0,False,"[9, 10]",0.5,0,縮小,⑨⑩東日本大震災復興（未分類）
東日本大震災復興,,教育・科学技術等復興政策費,委員手当,1,False,[10],0.5,0,半減,⑩教育復興
東日本大震災復興,,教育・科学技術等復興政策費,非常勤職員手当,14,False,[10],0.7,9,縮小,教育支援は一部維持
東日本大震災復興,,教育・科学技術等復興政策費,教育振興助成謝金,0,False,[10],0.5,0,半減,⑩教育復興
東日本大震災復興,,教育・科学技術等復興政策費,原子力損害賠償業務謝金,0,False,[10],0.5,0,半減,⑩教育復興
東日本大震災復興,,教育・科学技術等復興政策費,職員旅費,0,False,[10],0.5,0,半減,⑩教育復興
東日本大震災復興,,教育・科学技術等復興政策費,教育振興助成職員旅費,0,False,[10],0.5,0,半減,⑩教育復興
東日本大震災復興,,教育・科学技術等復興政策費,原子力損害賠償業務旅費,0,False,[10],0.5,0,半減,⑩教育復興
東日本大震災復興,,教育・科学技術等復興政策費,教育振興助成委員等旅費,0,False,[10],0.5,0,半減,⑩教育復興
東日本大震災復興,,教育・科学技術等復興政策費,原子力損害賠償業務委員等旅費,0,False,[10],0.5,0,半減,⑩教育復興
東日本大震災復興,,教育・科学技術等復興政策費,教育振興助成庁費,0,False,[10],0.5,0,半減,⑩教育復興
東日本大震災復興,,教育・科学技術等復興政策費,原子力損害賠償業務庁費,7,False,[10],0.5,3,半減,⑩教育復興
東日本大震災復興,,教育・科学技術等復興政策費,情報処理業務庁費,2,False,[10],0.5,1,半減,⑩教育復興
東日本大震災復興,,教育・科学技術等復興政策費,初等中等教育振興事業委託費,1,False,[10],0.5,0,半減,⑩教育復興
東日本大震災復興,,教育・科学技術等復興政策費,原子力損害賠償仲介調査等委託費,0,False,[10],0.5,0,半減,⑩教育復興
東日本大震災復興,,教育・科学技術等復興政策費,大学改革推進等補助金,4,False,[10],0.5,2,半減,⑩教育復興
東日本大震災復興,,教育・科学技術等復興政策費,私立大学等経常費補助金,0,False,[10],0.5,0,半減,⑩教育復興
東日本大震災復興,,教育・科学技術等復興政策費,放射線影響等研究開発等推進事業費補助金,2,False,[10],0.5,1,半減,⑩教育復興
東日本大震災復興,,教育・科学技術等復興政策費,文化芸術振興費補助金,7,False,[10],0.5,3,半減,⑩教育復興
東日本大震災復興,,教育・科学技術等復興政策費,義務教育費国庫負担金,8,False,[10],0.7,5,縮小,⑩義務教育は維持
東日本大震災復興,,教育・科学技術等復興政策費,被災児童生徒就学支援等事業交付金,2,False,[10],0.5,1,半減,⑩教育復興
東日本大震災復興,,教育・科学技術等復興政策費,緊急スクールカウンセラー等活用事業交付金,11,False,[10],0.5,5,半減,⑩教育復興
東日本大震災復興,,教育・科学技術等復興事業費,公立諸学校建物其他災害復旧費補助金,0,False,"[9, 10]",0.5,0,縮小,⑨⑩東日本大震災復興（未分類）
東日本大震災復興,,東日本大震災復興国立研究開発法人日本原子力研究開発機構運営費,国立研究開発法人日本原子力研究開発機構一般勘定運営費交付金,7,False,[9],0.7,4,縮小,⑨廃炉安全
東日本大震災復興,,社会保障等復興政策費,職員旅費,0,False,[10],0.5,0,半減,⑩社会保障復興
東日本大震災復興,,社会保障等復興政策費,委員等旅費,0,False,[10],0.5,0,半減,⑩社会保障復興
東日本大震災復興,,社会保障等復興政策費,医療保険制度関係業務庁費,0,False,[10],0.5,0,半減,⑩社会保障復興
東日本大震災復興,,社会保障等復興政策費,食品等試験検査費,0,False,[10],0.5,0,半減,⑩社会保障復興
東日本大震災復興,,社会保障等復興政策費,セーフティネット支援対策等事業費補助金,1,False,[10],0.5,0,半減,⑩社会保障復興
東日本大震災復興,,社会保障等復興政策費,障害者等災害臨時特例補助金,0,False,[10],0.5,0,半減,⑩社会保障復興
東日本大震災復興,,社会保障等復興政策費,介護保険災害臨時特例補助金,4,False,[10],0.5,2,半減,⑩社会保障復興
東日本大震災復興,,社会保障等復興政策費,福島介護再生臨時特例補助金,0,False,[10],0.5,0,半減,⑩社会保障復興
東日本大震災復興,,社会保障等復興政策費,全国健康保険協会特定健康診査・保健指導補助金,0,False,[10],0.5,0,半減,⑩社会保障復興
東日本大震災復興,,社会保障等復興政策費,健康保険組合特定健康診査・保健指導補助金,0,False,[10],0.5,0,半減,⑩社会保障復興
東日本大震災復興,,社会保障等復興政策費,国民健康保険特定健康診査・保健指導補助金,0,False,[10],0.5,0,半減,⑩社会保障復興
東日本大震災復興,,社会保障等復興政策費,国民健康保険組合特定健康診査・保健指導補助金,0,False,[10],0.5,0,半減,⑩社会保障復興
東日本大震災復興,,社会保障等復興政策費,全国健康保険協会災害臨時特例補助金,11,False,[10],0.5,5,半減,⑩社会保障復興
東日本大震災復興,,社会保障等復興政策費,健康保険組合災害臨時特例補助金,1,False,[10],0.5,0,半減,⑩社会保障復興
東日本大震災復興,,社会保障等復興政策費,国民健康保険災害臨時特例補助金,10,False,[10],0.5,5,半減,⑩社会保障復興
東日本大震災復興,,社会保障等復興政策費,国民健康保険組合災害臨時特例補助金,0,False,[10],0.5,0,半減,⑩社会保障復興
東日本大震災復興,,社会保障等復興政策費,後期高齢者医療災害臨時特例補助金,2,False,[10],0.5,1,半減,⑩社会保障復興
東日本大震災復興,,社会保障等復興政策費,国家公務員共済組合負担金,0,False,[10],0.5,0,半減,⑩社会保障復興
東日本大震災復興,,社会保障等復興政策費,地域医療再生臨時特例交付金,60,False,[10],0.6,36,縮小,⑩医療復興
東日本大震災復興,,社会保障等復興事業費,株式会社日本政策金融公庫出資金,0,False,"[9, 10]",0.5,0,縮小,⑨⑩東日本大震災復興（未分類）
東日本大震災復興,,農林水産業復興政策費,職員旅費,0,False,[9],0.5,0,半減,⑨農水復興
東日本大震災復興,,農林水産業復興政策費,食品安全・消費者信頼確保対策業務旅費,0,False,[9],0.5,0,半減,⑨農水復興
東日本大震災復興,,農林水産業復興政策費,庁費,0,False,[9],0.5,0,半減,⑨農水復興
東日本大震災復興,,農林水産業復興政策費,食品安全・消費者信頼確保対策業務庁費,0,False,[9],0.5,0,半減,⑨農水復興
東日本大震災復興,,農林水産業復興政策費,国有林野森林整備・保全管理費,1,False,[9],0.5,0,半減,⑨農水復興
東日本大震災復興,,農林水産業復興政策費,農林水産業再生支援対策調査等委託費,0,False,[9],0.5,0,半減,⑨農水復興
東日本大震災復興,,農林水産業復興政策費,森林整備・保全調査等委託費,5,False,[9],0.5,2,半減,⑨農水復興
東日本大震災復興,,農林水産業復興政策費,水産資源管理対策調査等委託費,6,False,[9],0.5,3,半減,⑨農水復興
東日本大震災復興,,農林水産業復興政策費,国内食料供給対策事業費補助金,36,False,[9],0.5,18,半減,⑨農水復興
東日本大震災復興,,農林水産業復興政策費,食料自給力確保対策事業費補助金,1,False,[9],0.5,0,半減,⑨農水復興
東日本大震災復興,,農林水産業復興政策費,農業経営金融支援対策費補助金,2,False,[9],0.5,1,半減,⑨農水復興
東日本大震災復興,,農林水産業復興政策費,林業振興事業費補助金,0,False,[9],0.5,0,半減,⑨農水復興
東日本大震災復興,,農林水産業復興政策費,森林整備・保全費補助金,30,False,[9],0.5,15,半減,⑨農水復興
東日本大震災復興,,農林水産業復興政策費,林産物供給等振興事業費補助金,3,False,[9],0.5,1,半減,⑨農水復興
東日本大震災復興,,農林水産業復興政策費,水源林復興促進対策費補助金,0,False,[9],0.5,0,半減,⑨農水復興
東日本大震災復興,,農林水産業復興政策費,水産業振興対策事業費補助金,226,False,[9],0.6,135,縮小,⑨水産復興
東日本大震災復興,,農林水産業復興政策費,漁業経営維持安定資金利子補給等補助金,4,False,[9],0.5,2,半減,⑨農水復興
東日本大震災復興,,農林水産業復興政策費,漁村活性化対策事業費補助金,37,False,[9],0.5,18,半減,⑨農水復興
東日本大震災復興,,農林水産業復興政策費,共同利用漁船等復旧支援対策費補助金,0,False,[9],0.5,0,半減,⑨農水復興
東日本大震災復興,,農林水産業復興政策費,漁場等復旧支援対策費補助金,2,False,[9],0.5,1,半減,⑨農水復興
東日本大震災復興,,農林水産業復興政策費,水産資源管理対策事業費補助金,6,False,[9],0.5,3,半減,⑨農水復興
東日本大震災復興,,農林水産業復興政策費,農林水産業再生支援交付金,32,False,[9],0.5,16,半減,⑨農水復興。縮小
東日本大震災復興,,農林水産業復興政策費,漁業信用保険事業交付金,1,False,[9],0.5,0,半減,⑨農水復興
東日本大震災復興,,農林水産業復興政策費,株式会社日本政策金融公庫補給金,0,False,[9],0.5,0,半減,⑨農水復興
東日本大震災復興,,農林水産業復興事業費,林業振興整備費補助金,7,False,[],0.0,0,廃止,産業補助廃止
東日本大震災復興,,経済・産業及エネルギー安定供給確保等復興政策費,地域経済政策推進事業委託費,2,False,[],0.2,0,縮小,最小限
東日本大震災復興,,経済・産業及エネルギー安定供給確保等復興政策費,中小企業政策推進事業委託費,1,False,[],0.2,0,縮小,最小限
東日本大震災復興,,経済・産業及エネルギー安定供給確保等復興政策費,地域経済政策推進事業費補助金,404,False,[],0.0,0,廃止,産業補助廃止
東日本大震災復興,,経済・産業及エネルギー安定供給確保等復興政策費,情報処理・サービス・製造産業振興事業費補助金,2,False,[],0.2,0,縮小,最小限
東日本大震災復興,,経済・産業及エネルギー安定供給確保等復興事業費,中小企業組合等共同施設等災害復旧費補助金,6,False,[],0.2,1,縮小,産業補助廃止後の残余（最小）
東日本大震災復興,,経済・産業及エネルギー安定供給確保等復興事業費,株式会社日本政策金融公庫出資金,0,False,[],0.2,0,縮小,産業補助廃止後の残余（最小）
東日本大震災復興,,東日本大震災復興独立行政法人中小企業基盤整備機構運営費,独立行政法人中小企業基盤整備機構一般勘定運営費交付金,2,False,[],0.2,0,縮小,縮小
東日本大震災復興,,住宅・地域公共交通等復興政策費,諸謝金,0,False,[10],0.6,0,縮小,⑩住宅復興
東日本大震災復興,,住宅・地域公共交通等復興政策費,職員旅費,0,False,[10],0.6,0,縮小,⑩住宅復興
東日本大震災復興,,住宅・地域公共交通等復興政策費,委員等旅費,0,False,[10],0.6,0,縮小,⑩住宅復興
東日本大震災復興,,住宅・地域公共交通等復興政策費,地域公共交通確保維持改善事業費補助金,1,False,[9],0.5,0,縮小,⑨離島等交通維持
東日本大震災復興,,住宅・地域公共交通等復興政策費,観光関連復興支援事業費補助金,4,False,[],0.0,0,廃止,産業補助廃止
東日本大震災復興,,住宅・地域公共交通等復興政策費,ブルーツーリズム推進支援事業費補助金,1,False,[],0.0,0,廃止,廃止
東日本大震災復興,,環境保全復興政策費,諸謝金,0,False,[9],0.8,0,縮小,⑨廃炉・除染
東日本大震災復興,,環境保全復興政策費,特定復興拠点整備業務謝金,0,False,[9],0.8,0,縮小,⑨廃炉・除染
東日本大震災復興,,環境保全復興政策費,特定帰還居住区域整備業務謝金,0,False,[9],0.8,0,縮小,⑨廃炉・除染
東日本大震災復興,,環境保全復興政策費,放射線量低減処理業務謝金,0,False,[9],0.8,0,縮小,⑨廃炉・除染
東日本大震災復興,,環境保全復興政策費,放射性物質除去土壌等管理謝金,0,False,[9],0.8,0,縮小,⑨廃炉・除染
東日本大震災復興,,環境保全復興政策費,環境放射線測定等謝金,0,False,[9],0.8,0,縮小,⑨廃炉・除染
東日本大震災復興,,環境保全復興政策費,職員旅費,0,False,[9],0.8,0,縮小,⑨廃炉・除染
東日本大震災復興,,環境保全復興政策費,放射性物質汚染廃棄物処理業務旅費,0,False,[9],0.8,0,縮小,⑨廃炉・除染
東日本大震災復興,,環境保全復興政策費,特定復興拠点整備業務旅費,0,False,[9],0.8,0,縮小,⑨廃炉・除染
東日本大震災復興,,環境保全復興政策費,特定帰還居住区域整備業務旅費,0,False,[9],0.8,0,縮小,⑨廃炉・除染
東日本大震災復興,,環境保全復興政策費,放射線量低減処理業務旅費,0,False,[9],0.8,0,縮小,⑨廃炉・除染
東日本大震災復興,,環境保全復興政策費,放射性物質除去土壌等管理旅費,0,False,[9],0.8,0,縮小,⑨廃炉・除染
東日本大震災復興,,環境保全復興政策費,環境放射線測定等職員旅費,0,False,[9],0.8,0,縮小,⑨廃炉・除染
東日本大震災復興,,環境保全復興政策費,委員等旅費,0,False,[9],0.8,0,縮小,⑨廃炉・除染
東日本大震災復興,,環境保全復興政策費,特定復興拠点整備業務委員等旅費,0,False,[9],0.8,0,縮小,⑨廃炉・除染
東日本大震災復興,,環境保全復興政策費,放射性物質汚染廃棄物処理業務委員等旅費,0,False,[9],0.8,0,縮小,⑨廃炉・除染
東日本大震災復興,,環境保全復興政策費,特定帰還居住区域整備業務委員等旅費,0,False,[9],0.8,0,縮小,⑨廃炉・除染
東日本大震災復興,,環境保全復興政策費,放射線量低減処理業務委員等旅費,0,False,[9],0.8,0,縮小,⑨廃炉・除染
東日本大震災復興,,環境保全復興政策費,放射性物質除去土壌等管理委員等旅費,0,False,[9],0.8,0,縮小,⑨廃炉・除染
東日本大震災復興,,環境保全復興政策費,環境放射線測定等委員等旅費,0,False,[9],0.8,0,縮小,⑨廃炉・除染
東日本大震災復興,,環境保全復興政策費,庁費,0,False,[9],0.8,0,縮小,⑨廃炉・除染
東日本大震災復興,,環境保全復興政策費,放射線量低減処理業務庁費,102,False,[9],0.8,81,縮小,⑨廃炉・除染
東日本大震災復興,,環境保全復興政策費,環境放射線測定等庁費,10,False,[9],0.8,8,縮小,⑨廃炉・除染
東日本大震災復興,,環境保全復興政策費,環境保全調査費,24,False,[9],0.8,19,縮小,⑨廃炉・除染
東日本大震災復興,,環境保全復興政策費,放射性物質汚染廃棄物処理事業費,120,False,[9],0.8,96,縮小,⑨廃炉・除染
東日本大震災復興,,環境保全復興政策費,特定復興拠点整備事業費,71,False,[9],0.8,56,縮小,⑨廃炉・除染
東日本大震災復興,,環境保全復興政策費,特定帰還居住区域整備事業費,485,False,"[9, 10]",0.8,388,縮小,⑨外部効果対応・⑩住民保護
東日本大震災復興,,環境保全復興政策費,放射性物質除去土壌等管理調査費,24,False,[9],0.8,19,縮小,⑨廃炉・除染
東日本大震災復興,,環境保全復興政策費,放射性物質測定費,3,False,[9],0.8,2,縮小,⑨廃炉・除染
東日本大震災復興,,環境保全復興政策費,放射性物質汚染廃棄物処理業務委託費,6,False,[9],0.8,4,縮小,⑨廃炉・除染
東日本大震災復興,,環境保全復興政策費,放射性物質汚染廃棄物処理業務地方公共団体委託費,2,False,[9],0.8,1,縮小,⑨廃炉・除染
東日本大震災復興,,環境保全復興政策費,放射性物質測定調査委託費,9,False,[9],0.8,7,縮小,⑨廃炉・除染
東日本大震災復興,,環境保全復興政策費,放射線対策委託費,2,False,[9],0.8,1,縮小,⑨廃炉・除染
東日本大震災復興,,環境保全復興政策費,放射線影響等研究開発等推進事業費補助金,4,False,[9],0.8,3,縮小,⑨廃炉・除染
東日本大震災復興,,環境保全復興政策費,放射性物質汚染廃棄物処理事業費補助金,55,False,[9],0.8,44,縮小,⑨廃炉・除染
東日本大震災復興,,環境保全復興政策費,放射線量低減対策特別緊急事業費補助金,43,False,[9],0.8,34,縮小,⑨廃炉・除染
東日本大震災復興,,環境保全復興政策費,放射性物質除去土壌処分推進事業費補助金,1,False,[9],0.8,0,縮小,⑨廃炉・除染
東日本大震災復興,,環境保全復興政策費,原子力災害影響調査等交付金,4,False,[9],0.8,3,縮小,⑨廃炉・除染
東日本大震災復興,,環境保全復興政策費,国際原子力機関拠出金,0,False,[9],0.8,0,縮小,⑨廃炉・除染
東日本大震災復興,,環境保全復興政策費,賠償償還及払戻金,0,False,[9],0.8,0,縮小,⑨廃炉・除染
東日本大震災復興,,環境保全復興政策費,放射性物質汚染廃棄物処理業務補償金,1,False,[9],0.8,0,縮小,⑨廃炉・除染
東日本大震災復興,,環境保全復興政策費,特定復興拠点整備業務補償金,1,False,[9],0.8,0,縮小,⑨廃炉・除染
東日本大震災復興,,環境保全復興政策費,特定帰還居住区域整備業務補償金,2,False,[9],0.8,1,縮小,⑨廃炉・除染
東日本大震災復興,,環境保全復興政策費,放射線量低減処理業務補償金,7,False,[9],0.8,5,縮小,⑨廃炉・除染
東日本大震災復興,,環境保全復興事業費,施設施工旅費,0,False,[9],0.8,0,縮小,⑨廃炉・除染
東日本大震災復興,,環境保全復興事業費,施設施工庁費,3,False,[9],0.8,2,縮小,⑨廃炉・除染
東日本大震災復興,,環境保全復興事業費,放射性物質除去土壌等管理施設施工庁費,19,False,[9],0.8,15,縮小,⑨廃炉・除染
東日本大震災復興,,環境保全復興事業費,放射性物質除去土壌等管理事業委託費,94,False,[9],0.8,75,縮小,⑨同上
東日本大震災復興,,環境保全復興事業費,施設整備費,79,False,[9],0.8,63,縮小,⑨同上
東日本大震災復興,,環境保全復興事業費,放射性物質除去土壌等管理施設整備費,849,False,[9],0.8,679,縮小,⑨廃炉・除染。外部効果対応
東日本大震災復興,,環境保全復興事業費,不動産購入費,13,False,[9],0.8,10,縮小,⑨廃炉・除染
東日本大震災復興,,環境保全復興事業費,放射性物質除去土壌等管理施設不動産購入費,0,False,[9],0.8,0,縮小,⑨廃炉・除染
東日本大震災復興,,環境保全復興事業費,放射性物質除去土壌等管理施設立地補償金,2,False,[9],0.8,1,縮小,⑨廃炉・除染
東日本大震災復興,,東日本大震災復興事業費,農業水利施設放射性物質対策事業費,0,False,[9],0.5,0,半減,⑨復興事業
東日本大震災復興,,東日本大震災復興事業費,森林環境保全整備事業費,17,False,[9],0.5,8,半減,⑨復興事業
東日本大震災復興,,東日本大震災復興事業費,農業生産基盤整備事業調査費,1,False,[9],0.5,0,半減,⑨復興事業
東日本大震災復興,,東日本大震災復興事業費,治山事業費補助,0,False,[9],0.5,0,半減,⑨復興事業
東日本大震災復興,,東日本大震災復興事業費,災害公営住宅家賃対策補助,208,False,[10],0.6,124,縮小,⑩住民保護
東日本大震災復興,,東日本大震災復興事業費,災害公営住宅特別家賃低減対策費補助,1,False,[9],0.5,0,半減,⑨復興事業
東日本大震災復興,,東日本大震災復興事業費,森林環境保全整備事業費補助,18,False,[9],0.5,9,半減,⑨復興事業
東日本大震災復興,,東日本大震災復興事業費,水源林造成事業費補助,0,False,[9],0.5,0,半減,⑨復興事業
東日本大震災復興,,東日本大震災復興事業費,農業生産基盤整備事業調査費補助,1,False,[9],0.5,0,半減,⑨復興事業
東日本大震災復興,,東日本大震災復興事業費,社会資本整備総合交付金,13,False,[9],0.5,6,半減,⑨復興事業
東日本大震災復興,,東日本大震災災害復旧等事業費,農業用施設災害復旧事業費補助,0,False,[9],0.7,0,縮小,⑨災害復旧
東日本大震災復興,,東日本大震災災害復旧等事業費,農地災害復旧事業費補助,3,False,[9],0.7,2,縮小,⑨災害復旧
東日本大震災復興,,東日本大震災災害復旧等事業費,海岸保全施設等災害復旧事業費補助,2,False,[9],0.7,1,縮小,⑨災害復旧
東日本大震災復興,,東日本大震災災害復旧等事業費,河川等災害復旧事業費補助,115,False,[9],0.8,92,縮小,⑨治水・外部効果
東日本大震災復興,,地方交付税交付金,交付税及び譲与税配付金特別会計へ繰入,455,True,—,0.0,0,除外（純計外）,特別会計間繰入。純計から除外
東日本大震災復興,,復興債費,諸謝金,0,False,"[9, 10]",0.5,0,縮小,⑨⑩東日本大震災復興（未分類）
東日本大震災復興,,復興債費,褒賞品費,0,False,"[9, 10]",0.5,0,縮小,⑨⑩東日本大震災復興（未分類）
東日本大震災復興,,復興債費,職員旅費,0,False,"[9, 10]",0.5,0,縮小,⑨⑩東日本大震災復興（未分類）
東日本大震災復興,,復興債費,委員等旅費,0,False,"[9, 10]",0.5,0,縮小,⑨⑩東日本大震災復興（未分類）
東日本大震災復興,,復興債費,復興債業務庁費,0,False,"[9, 10]",0.5,0,縮小,⑨⑩東日本大震災復興（未分類）
東日本大震災復興,,復興債費,賠償償還及払戻金,0,False,"[9, 10]",0.5,0,縮小,⑨⑩東日本大震災復興（未分類）
東日本大震災復興,,復興債費,復興債償還財源等国債整理基金特別会計へ繰入,585,True,—,0.0,0,除外（純計外）,特別会計間繰入。純計から除外
東日本大震災復興,,復興加速化・福島再生予備費,(復興加速化・福島再生予備費),800,False,[9],0.6,480,縮小,⑨復興予備費縮小
